MG-RAST ID	name	bp count	seq. count	biome	feature	material	sample	library	ENA	location	country	coordinates	type	method	download
mgm4538190.3	DD10	5,531,366	27,383	terrestrial biome	environmental feature	feces	mgs136119	mgl136121	-	cambridge, ma	USA	42.3736158, -71.1097335	Amplicon	illumina	 metadata submitted
mgm4538193.3	DD102	4,123,426	20,413	terrestrial biome	environmental feature	feces	mgs136335	mgl136337	-	cambridge, ma	USA	42.3736158, -71.1097335	Amplicon	illumina	 metadata submitted
mgm4538195.3	DD104	6,283,614	31,107	terrestrial biome	environmental feature	feces	mgs136341	mgl136343	-	cambridge, ma	USA	42.3736158, -71.1097335	Amplicon	illumina	 metadata submitted
mgm4538196.3	DD106	4,036,768	19,984	terrestrial biome	environmental feature	feces	mgs136344	mgl136346	-	cambridge, ma	USA	42.3736158, -71.1097335	Amplicon	illumina	 metadata submitted
mgm4538197.3	DD107	3,974,552	19,676	terrestrial biome	environmental feature	feces	mgs136347	mgl136349	-	cambridge, ma	USA	42.3736158, -71.1097335	Amplicon	illumina	 metadata submitted
mgm4538198.3	DD108	3,000,306	14,853	terrestrial biome	environmental feature	feces	mgs136350	mgl136352	-	cambridge, ma	USA	42.3736158, -71.1097335	Amplicon	illumina	 metadata submitted
mgm4538199.3	DD110	4,000,408	19,804	terrestrial biome	environmental feature	feces	mgs136353	mgl136355	-	cambridge, ma	USA	42.3736158, -71.1097335	Amplicon	illumina	 metadata submitted
mgm4538200.3	DD111	4,120,396	20,398	terrestrial biome	environmental feature	feces	mgs136356	mgl136358	-	cambridge, ma	USA	42.3736158, -71.1097335	Amplicon	illumina	 metadata submitted
mgm4538201.3	DD112	5,706,904	28,252	terrestrial biome	environmental feature	feces	mgs136359	mgl136361	-	cambridge, ma	USA	42.3736158, -71.1097335	Amplicon	illumina	 metadata submitted
mgm4538202.3	DD113	4,319,568	21,384	terrestrial biome	environmental feature	feces	mgs136362	mgl136364	-	cambridge, ma	USA	42.3736158, -71.1097335	Amplicon	illumina	 metadata submitted
mgm4538203.3	DD114	5,038,890	24,945	terrestrial biome	environmental feature	feces	mgs136365	mgl136367	-	cambridge, ma	USA	42.3736158, -71.1097335	Amplicon	illumina	 metadata submitted
mgm4538204.3	DD115	937,684	4,642	terrestrial biome	environmental feature	feces	mgs136368	mgl136370	-	cambridge, ma	USA	42.3736158, -71.1097335	Amplicon	illumina	 metadata submitted
mgm4538205.3	DD116	3,774,976	18,688	terrestrial biome	environmental feature	feces	mgs136371	mgl136373	-	cambridge, ma	USA	42.3736158, -71.1097335	Amplicon	illumina	 metadata submitted
mgm4538206.3	DD118	4,938,294	24,447	terrestrial biome	environmental feature	feces	mgs136374	mgl136376	-	cambridge, ma	USA	42.3736158, -71.1097335	Amplicon	illumina	 metadata submitted
mgm4538207.3	DD119	6,312,904	31,252	terrestrial biome	environmental feature	feces	mgs136377	mgl136379	-	cambridge, ma	USA	42.3736158, -71.1097335	Amplicon	illumina	 metadata submitted
mgm4538208.3	DD12	5,354,010	26,505	terrestrial biome	environmental feature	feces	mgs136122	mgl136124	-	cambridge, ma	USA	42.3736158, -71.1097335	Amplicon	illumina	 metadata submitted
mgm4538209.3	DD120	4,544,394	22,497	terrestrial biome	environmental feature	feces	mgs136380	mgl136382	-	cambridge, ma	USA	42.3736158, -71.1097335	Amplicon	illumina	 metadata submitted
mgm4538210.3	DD121	4,734,072	23,436	terrestrial biome	environmental feature	feces	mgs136383	mgl136385	-	cambridge, ma	USA	42.3736158, -71.1097335	Amplicon	illumina	 metadata submitted
mgm4538211.3	DD122	3,433,394	16,997	terrestrial biome	environmental feature	feces	mgs136386	mgl136388	-	cambridge, ma	USA	42.3736158, -71.1097335	Amplicon	illumina	 metadata submitted
mgm4538212.3	DD123	2,634,484	13,042	terrestrial biome	environmental feature	feces	mgs136389	mgl136391	-	cambridge, ma	USA	42.3736158, -71.1097335	Amplicon	illumina	 metadata submitted
mgm4538213.3	DD125	3,799,418	18,809	terrestrial biome	environmental feature	feces	mgs136392	mgl136394	-	cambridge, ma	USA	42.3736158, -71.1097335	Amplicon	illumina	 metadata submitted
mgm4538215.3	DD128	3,092,216	15,308	terrestrial biome	environmental feature	feces	mgs136398	mgl136400	-	cambridge, ma	USA	42.3736158, -71.1097335	Amplicon	illumina	 metadata submitted
mgm4538216.3	DD129	4,228,062	20,931	terrestrial biome	environmental feature	feces	mgs136401	mgl136403	-	cambridge, ma	USA	42.3736158, -71.1097335	Amplicon	illumina	 metadata submitted
mgm4538217.3	DD13	5,101,308	25,254	terrestrial biome	environmental feature	feces	mgs136125	mgl136127	-	cambridge, ma	USA	42.3736158, -71.1097335	Amplicon	illumina	 metadata submitted
mgm4538218.3	DD130	5,437,234	26,917	terrestrial biome	environmental feature	feces	mgs136404	mgl136406	-	cambridge, ma	USA	42.3736158, -71.1097335	Amplicon	illumina	 metadata submitted
mgm4538220.3	DD132	2,989,196	14,798	terrestrial biome	environmental feature	feces	mgs136410	mgl136412	-	cambridge, ma	USA	42.3736158, -71.1097335	Amplicon	illumina	 metadata submitted
mgm4538221.3	DD133	3,377,642	16,721	terrestrial biome	environmental feature	feces	mgs136413	mgl136415	-	cambridge, ma	USA	42.3736158, -71.1097335	Amplicon	illumina	 metadata submitted
mgm4538222.3	DD134	4,206,448	20,824	terrestrial biome	environmental feature	feces	mgs136416	mgl136418	-	cambridge, ma	USA	42.3736158, -71.1097335	Amplicon	illumina	 metadata submitted
mgm4538223.3	DD135	4,967,382	24,591	terrestrial biome	environmental feature	feces	mgs136419	mgl136421	-	cambridge, ma	USA	42.3736158, -71.1097335	Amplicon	illumina	 metadata submitted
mgm4538224.3	DD136	6,100,804	30,202	terrestrial biome	environmental feature	feces	mgs136422	mgl136424	-	cambridge, ma	USA	42.3736158, -71.1097335	Amplicon	illumina	 metadata submitted
mgm4538225.3	DD137	4,644,586	22,993	terrestrial biome	environmental feature	feces	mgs136425	mgl136427	-	cambridge, ma	USA	42.3736158, -71.1097335	Amplicon	illumina	 metadata submitted
mgm4538226.3	DD138	882,942	4,371	terrestrial biome	environmental feature	feces	mgs136428	mgl136430	-	cambridge, ma	USA	42.3736158, -71.1097335	Amplicon	illumina	 metadata submitted
mgm4538227.3	DD139	5,196,854	25,727	terrestrial biome	environmental feature	feces	mgs136431	mgl136433	-	cambridge, ma	USA	42.3736158, -71.1097335	Amplicon	illumina	 metadata submitted
mgm4538228.3	DD14	4,668,826	23,113	terrestrial biome	environmental feature	feces	mgs136128	mgl136130	-	cambridge, ma	USA	42.3736158, -71.1097335	Amplicon	illumina	 metadata submitted
mgm4538229.3	DD140	3,742,252	18,526	terrestrial biome	environmental feature	feces	mgs136434	mgl136436	-	cambridge, ma	USA	42.3736158, -71.1097335	Amplicon	illumina	 metadata submitted
mgm4538230.3	DD141	4,846,788	23,994	terrestrial biome	environmental feature	feces	mgs136437	mgl136439	-	cambridge, ma	USA	42.3736158, -71.1097335	Amplicon	illumina	 metadata submitted
mgm4538232.3	DD144	3,358,048	16,624	terrestrial biome	environmental feature	feces	mgs136443	mgl136445	-	cambridge, ma	USA	42.3736158, -71.1097335	Amplicon	illumina	 metadata submitted
mgm4538233.3	DD145	2,518,132	12,466	terrestrial biome	environmental feature	feces	mgs136446	mgl136448	-	cambridge, ma	USA	42.3736158, -71.1097335	Amplicon	illumina	 metadata submitted
mgm4538234.3	DD146	4,861,130	24,065	terrestrial biome	environmental feature	feces	mgs136449	mgl136451	-	cambridge, ma	USA	42.3736158, -71.1097335	Amplicon	illumina	 metadata submitted
mgm4538235.3	DD147	6,194,532	30,666	terrestrial biome	environmental feature	feces	mgs136452	mgl136454	-	cambridge, ma	USA	42.3736158, -71.1097335	Amplicon	illumina	 metadata submitted
mgm4538236.3	DD148	11,373,408	56,304	terrestrial biome	environmental feature	feces	mgs136455	mgl136457	-	cambridge, ma	USA	42.3736158, -71.1097335	Amplicon	illumina	 metadata submitted
mgm4538237.3	DD149	7,377,444	36,522	terrestrial biome	environmental feature	feces	mgs136458	mgl136460	-	cambridge, ma	USA	42.3736158, -71.1097335	Amplicon	illumina	 metadata submitted
mgm4538238.3	DD15	4,189,884	20,742	terrestrial biome	environmental feature	feces	mgs136131	mgl136133	-	cambridge, ma	USA	42.3736158, -71.1097335	Amplicon	illumina	 metadata submitted
mgm4538239.3	DD150	8,557,124	42,362	terrestrial biome	environmental feature	feces	mgs136461	mgl136463	-	cambridge, ma	USA	42.3736158, -71.1097335	Amplicon	illumina	 metadata submitted
mgm4538240.3	DD151	7,549,952	37,376	terrestrial biome	environmental feature	feces	mgs136464	mgl136466	-	cambridge, ma	USA	42.3736158, -71.1097335	Amplicon	illumina	 metadata submitted
mgm4538241.3	DD152	9,189,990	45,495	terrestrial biome	environmental feature	feces	mgs136467	mgl136469	-	cambridge, ma	USA	42.3736158, -71.1097335	Amplicon	illumina	 metadata submitted
mgm4538242.3	DD153	8,595,100	42,550	terrestrial biome	environmental feature	feces	mgs136470	mgl136472	-	cambridge, ma	USA	42.3736158, -71.1097335	Amplicon	illumina	 metadata submitted
mgm4538243.3	DD154	12,717,112	62,956	terrestrial biome	environmental feature	feces	mgs136473	mgl136475	-	cambridge, ma	USA	42.3736158, -71.1097335	Amplicon	illumina	 metadata submitted
mgm4538244.3	DD155	13,321,900	65,950	terrestrial biome	environmental feature	feces	mgs136476	mgl136478	-	cambridge, ma	USA	42.3736158, -71.1097335	Amplicon	illumina	 metadata submitted
mgm4538245.3	DD157	9,474,406	46,903	terrestrial biome	environmental feature	feces	mgs136479	mgl136481	-	cambridge, ma	USA	42.3736158, -71.1097335	Amplicon	illumina	 metadata submitted
mgm4538246.3	DD160	13,398,458	66,329	terrestrial biome	environmental feature	feces	mgs136482	mgl136484	-	cambridge, ma	USA	42.3736158, -71.1097335	Amplicon	illumina	 metadata submitted
mgm4538247.3	DD161	17,606,522	87,161	terrestrial biome	environmental feature	feces	mgs136485	mgl136487	-	cambridge, ma	USA	42.3736158, -71.1097335	Amplicon	illumina	 metadata submitted
mgm4538248.3	DD162	13,336,040	66,020	terrestrial biome	environmental feature	feces	mgs136488	mgl136490	-	cambridge, ma	USA	42.3736158, -71.1097335	Amplicon	illumina	 metadata submitted
mgm4538249.3	DD164	13,951,736	69,068	terrestrial biome	environmental feature	feces	mgs136491	mgl136493	-	cambridge, ma	USA	42.3736158, -71.1097335	Amplicon	illumina	 metadata submitted
mgm4538250.3	DD167	9,704,686	48,043	terrestrial biome	environmental feature	feces	mgs136494	mgl136496	-	cambridge, ma	USA	42.3736158, -71.1097335	Amplicon	illumina	 metadata submitted
mgm4538251.3	DD168	9,949,510	49,255	terrestrial biome	environmental feature	feces	mgs136497	mgl136499	-	cambridge, ma	USA	42.3736158, -71.1097335	Amplicon	illumina	 metadata submitted
mgm4538252.3	DD169	5,133,224	25,412	terrestrial biome	environmental feature	feces	mgs136500	mgl136502	-	cambridge, ma	USA	42.3736158, -71.1097335	Amplicon	illumina	 metadata submitted
mgm4538253.3	DD17	5,790,330	28,665	terrestrial biome	environmental feature	feces	mgs136134	mgl136136	-	cambridge, ma	USA	42.3736158, -71.1097335	Amplicon	illumina	 metadata submitted
mgm4538254.3	DD18	5,569,342	27,571	terrestrial biome	environmental feature	feces	mgs136137	mgl136139	-	cambridge, ma	USA	42.3736158, -71.1097335	Amplicon	illumina	 metadata submitted
mgm4538255.3	DD2	5,664,282	28,041	terrestrial biome	environmental feature	feces	mgs136098	mgl136100	-	cambridge, ma	USA	42.3736158, -71.1097335	Amplicon	illumina	 metadata submitted
mgm4538256.3	DD20	4,315,730	21,365	terrestrial biome	environmental feature	feces	mgs136140	mgl136142	-	cambridge, ma	USA	42.3736158, -71.1097335	Amplicon	illumina	 metadata submitted
mgm4538257.3	DD21	4,253,716	21,058	terrestrial biome	environmental feature	feces	mgs136143	mgl136145	-	cambridge, ma	USA	42.3736158, -71.1097335	Amplicon	illumina	 metadata submitted
mgm4538258.3	DD22	3,659,432	18,116	terrestrial biome	environmental feature	feces	mgs136146	mgl136148	-	cambridge, ma	USA	42.3736158, -71.1097335	Amplicon	illumina	 metadata submitted
mgm4538259.3	DD23	5,329,568	26,384	terrestrial biome	environmental feature	feces	mgs136149	mgl136151	-	cambridge, ma	USA	42.3736158, -71.1097335	Amplicon	illumina	 metadata submitted
mgm4538260.3	DD24	5,620,246	27,823	terrestrial biome	environmental feature	feces	mgs136152	mgl136154	-	cambridge, ma	USA	42.3736158, -71.1097335	Amplicon	illumina	 metadata submitted
mgm4538261.3	DD25	4,650,848	23,024	terrestrial biome	environmental feature	feces	mgs136155	mgl136157	-	cambridge, ma	USA	42.3736158, -71.1097335	Amplicon	illumina	 metadata submitted
mgm4538263.3	DD27	3,724,476	18,438	terrestrial biome	environmental feature	feces	mgs136161	mgl136163	-	cambridge, ma	USA	42.3736158, -71.1097335	Amplicon	illumina	 metadata submitted
mgm4538264.3	DD28	4,090,500	20,250	terrestrial biome	environmental feature	feces	mgs136164	mgl136166	-	cambridge, ma	USA	42.3736158, -71.1097335	Amplicon	illumina	 metadata submitted
mgm4538265.3	DD29	4,679,330	23,165	terrestrial biome	environmental feature	feces	mgs136167	mgl136169	-	cambridge, ma	USA	42.3736158, -71.1097335	Amplicon	illumina	 metadata submitted
mgm4538266.3	DD3	4,283,208	21,204	terrestrial biome	environmental feature	feces	mgs136101	mgl136103	-	cambridge, ma	USA	42.3736158, -71.1097335	Amplicon	illumina	 metadata submitted
mgm4538267.3	DD30	2,366,228	11,714	terrestrial biome	environmental feature	feces	mgs136170	mgl136172	-	cambridge, ma	USA	42.3736158, -71.1097335	Amplicon	illumina	 metadata submitted
mgm4538268.3	DD31	4,373,098	21,649	terrestrial biome	environmental feature	feces	mgs136173	mgl136175	-	cambridge, ma	USA	42.3736158, -71.1097335	Amplicon	illumina	 metadata submitted
mgm4538269.3	DD32	3,660,442	18,121	terrestrial biome	environmental feature	feces	mgs136176	mgl136178	-	cambridge, ma	USA	42.3736158, -71.1097335	Amplicon	illumina	 metadata submitted
mgm4538270.3	DD33	3,891,530	19,265	terrestrial biome	environmental feature	feces	mgs136179	mgl136181	-	cambridge, ma	USA	42.3736158, -71.1097335	Amplicon	illumina	 metadata submitted
mgm4538271.3	DD34	4,976,876	24,638	terrestrial biome	environmental feature	feces	mgs136182	mgl136184	-	cambridge, ma	USA	42.3736158, -71.1097335	Amplicon	illumina	 metadata submitted
mgm4538273.3	DD36	4,156,554	20,577	terrestrial biome	environmental feature	feces	mgs136188	mgl136190	-	cambridge, ma	USA	42.3736158, -71.1097335	Amplicon	illumina	 metadata submitted
mgm4538274.3	DD38	6,202,410	30,705	terrestrial biome	environmental feature	feces	mgs136191	mgl136193	-	cambridge, ma	USA	42.3736158, -71.1097335	Amplicon	illumina	 metadata submitted
mgm4538275.3	DD39	4,230,486	20,943	terrestrial biome	environmental feature	feces	mgs136194	mgl136196	-	cambridge, ma	USA	42.3736158, -71.1097335	Amplicon	illumina	 metadata submitted
mgm4538276.3	DD4	2,364,006	11,703	terrestrial biome	environmental feature	feces	mgs136104	mgl136106	-	cambridge, ma	USA	42.3736158, -71.1097335	Amplicon	illumina	 metadata submitted
mgm4538278.3	DD42	4,626,204	22,902	terrestrial biome	environmental feature	feces	mgs136200	mgl136202	-	cambridge, ma	USA	42.3736158, -71.1097335	Amplicon	illumina	 metadata submitted
mgm4538279.3	DD43	7,132,014	35,307	terrestrial biome	environmental feature	feces	mgs136203	mgl136205	-	cambridge, ma	USA	42.3736158, -71.1097335	Amplicon	illumina	 metadata submitted
mgm4538280.3	DD44	2,787,398	13,799	terrestrial biome	environmental feature	feces	mgs136206	mgl136208	-	cambridge, ma	USA	42.3736158, -71.1097335	Amplicon	illumina	 metadata submitted
mgm4538283.3	DD47	6,710,844	33,222	terrestrial biome	environmental feature	feces	mgs136215	mgl136217	-	cambridge, ma	USA	42.3736158, -71.1097335	Amplicon	illumina	 metadata submitted
mgm4538284.3	DD48	10,327,654	51,127	terrestrial biome	environmental feature	feces	mgs136218	mgl136220	-	cambridge, ma	USA	42.3736158, -71.1097335	Amplicon	illumina	 metadata submitted
mgm4538285.3	DD5	6,195,138	30,669	terrestrial biome	environmental feature	feces	mgs136107	mgl136109	-	cambridge, ma	USA	42.3736158, -71.1097335	Amplicon	illumina	 metadata submitted
mgm4538287.3	DD53	3,234,626	16,013	terrestrial biome	environmental feature	feces	mgs136224	mgl136226	-	cambridge, ma	USA	42.3736158, -71.1097335	Amplicon	illumina	 metadata submitted
mgm4538288.3	DD58	4,209,074	20,837	terrestrial biome	environmental feature	feces	mgs136227	mgl136229	-	cambridge, ma	USA	42.3736158, -71.1097335	Amplicon	illumina	 metadata submitted
mgm4538289.3	DD59	4,552,878	22,539	terrestrial biome	environmental feature	feces	mgs136230	mgl136232	-	cambridge, ma	USA	42.3736158, -71.1097335	Amplicon	illumina	 metadata submitted
mgm4538290.3	DD6	4,512,882	22,341	terrestrial biome	environmental feature	feces	mgs136110	mgl136112	-	cambridge, ma	USA	42.3736158, -71.1097335	Amplicon	illumina	 metadata submitted
mgm4538291.3	DD60	4,066,058	20,129	terrestrial biome	environmental feature	feces	mgs136233	mgl136235	-	cambridge, ma	USA	42.3736158, -71.1097335	Amplicon	illumina	 metadata submitted
mgm4538292.3	DD61	2,357,542	11,671	terrestrial biome	environmental feature	feces	mgs136236	mgl136238	-	cambridge, ma	USA	42.3736158, -71.1097335	Amplicon	illumina	 metadata submitted
mgm4538293.3	DD63	2,988,186	14,793	terrestrial biome	environmental feature	feces	mgs136239	mgl136241	-	cambridge, ma	USA	42.3736158, -71.1097335	Amplicon	illumina	 metadata submitted
mgm4538294.3	DD64	5,281,492	26,146	terrestrial biome	environmental feature	feces	mgs136242	mgl136244	-	cambridge, ma	USA	42.3736158, -71.1097335	Amplicon	illumina	 metadata submitted
mgm4538295.3	DD65	5,239,072	25,936	terrestrial biome	environmental feature	feces	mgs136245	mgl136247	-	cambridge, ma	USA	42.3736158, -71.1097335	Amplicon	illumina	 metadata submitted
mgm4538297.3	DD67	2,528,232	12,516	terrestrial biome	environmental feature	feces	mgs136251	mgl136253	-	cambridge, ma	USA	42.3736158, -71.1097335	Amplicon	illumina	 metadata submitted
mgm4538298.3	DD68	3,086,964	15,282	terrestrial biome	environmental feature	feces	mgs136254	mgl136256	-	cambridge, ma	USA	42.3736158, -71.1097335	Amplicon	illumina	 metadata submitted
mgm4538300.3	DD7	5,530,962	27,381	terrestrial biome	environmental feature	feces	mgs136113	mgl136115	-	cambridge, ma	USA	42.3736158, -71.1097335	Amplicon	illumina	 metadata submitted
mgm4538301.3	DD70	2,906,578	14,389	terrestrial biome	environmental feature	feces	mgs136260	mgl136262	-	cambridge, ma	USA	42.3736158, -71.1097335	Amplicon	illumina	 metadata submitted
mgm4538302.3	DD71	4,578,734	22,667	terrestrial biome	environmental feature	feces	mgs136263	mgl136265	-	cambridge, ma	USA	42.3736158, -71.1097335	Amplicon	illumina	 metadata submitted
mgm4538303.3	DD72	1,803,456	8,928	terrestrial biome	environmental feature	feces	mgs136266	mgl136268	-	cambridge, ma	USA	42.3736158, -71.1097335	Amplicon	illumina	 metadata submitted
mgm4538306.3	DD79	2,410,668	11,934	terrestrial biome	environmental feature	feces	mgs136275	mgl136277	-	cambridge, ma	USA	42.3736158, -71.1097335	Amplicon	illumina	 metadata submitted
mgm4538307.3	DD8	5,857,798	28,999	terrestrial biome	environmental feature	feces	mgs136116	mgl136118	-	cambridge, ma	USA	42.3736158, -71.1097335	Amplicon	illumina	 metadata submitted
mgm4538308.3	DD80	1,552,774	7,687	terrestrial biome	environmental feature	feces	mgs136278	mgl136280	-	cambridge, ma	USA	42.3736158, -71.1097335	Amplicon	illumina	 metadata submitted
mgm4538309.3	DD81	2,516,920	12,460	terrestrial biome	environmental feature	feces	mgs136281	mgl136283	-	cambridge, ma	USA	42.3736158, -71.1097335	Amplicon	illumina	 metadata submitted
mgm4538310.3	DD82	3,849,514	19,057	terrestrial biome	environmental feature	feces	mgs136284	mgl136286	-	cambridge, ma	USA	42.3736158, -71.1097335	Amplicon	illumina	 metadata submitted
mgm4538311.3	DD83	3,867,896	19,148	terrestrial biome	environmental feature	feces	mgs136287	mgl136289	-	cambridge, ma	USA	42.3736158, -71.1097335	Amplicon	illumina	 metadata submitted
mgm4538312.3	DD84	2,882,540	14,270	terrestrial biome	environmental feature	feces	mgs136290	mgl136292	-	cambridge, ma	USA	42.3736158, -71.1097335	Amplicon	illumina	 metadata submitted
mgm4538313.3	DD85	2,085,246	10,323	terrestrial biome	environmental feature	feces	mgs136293	mgl136295	-	cambridge, ma	USA	42.3736158, -71.1097335	Amplicon	illumina	 metadata submitted
mgm4538314.3	DD86	3,984,248	19,724	terrestrial biome	environmental feature	feces	mgs136296	mgl136298	-	cambridge, ma	USA	42.3736158, -71.1097335	Amplicon	illumina	 metadata submitted
mgm4538315.3	DD87	2,822,950	13,975	terrestrial biome	environmental feature	feces	mgs136299	mgl136301	-	cambridge, ma	USA	42.3736158, -71.1097335	Amplicon	illumina	 metadata submitted
mgm4538317.3	DD89	1,401,476	6,938	terrestrial biome	environmental feature	feces	mgs136305	mgl136307	-	cambridge, ma	USA	42.3736158, -71.1097335	Amplicon	illumina	 metadata submitted
mgm4538318.3	DD90	1,765,278	8,739	terrestrial biome	environmental feature	feces	mgs136308	mgl136310	-	cambridge, ma	USA	42.3736158, -71.1097335	Amplicon	illumina	 metadata submitted
mgm4538319.3	DD93	2,142,816	10,608	terrestrial biome	environmental feature	feces	mgs136311	mgl136313	-	cambridge, ma	USA	42.3736158, -71.1097335	Amplicon	illumina	 metadata submitted
mgm4538322.3	DD96	2,073,530	10,265	terrestrial biome	environmental feature	feces	mgs136320	mgl136322	-	cambridge, ma	USA	42.3736158, -71.1097335	Amplicon	illumina	 metadata submitted
mgm4538323.3	DD97	3,348,352	16,576	terrestrial biome	environmental feature	feces	mgs136323	mgl136325	-	cambridge, ma	USA	42.3736158, -71.1097335	Amplicon	illumina	 metadata submitted
mgm4538324.3	DD98	3,275,834	16,217	terrestrial biome	environmental feature	feces	mgs136326	mgl136328	-	cambridge, ma	USA	42.3736158, -71.1097335	Amplicon	illumina	 metadata submitted
mgm4538326.3	ID100	16,284,432	80,616	terrestrial biome	environmental feature	feces	mgs136707	mgl136709	-	cambridge, ma	USA	42.3736158, -71.1097335	Amplicon	illumina	 metadata submitted
mgm4538328.3	ID103	9,741,854	48,227	terrestrial biome	environmental feature	feces	mgs136713	mgl136715	-	cambridge, ma	USA	42.3736158, -71.1097335	Amplicon	illumina	 metadata submitted
mgm4538329.3	ID104	18,143,842	89,821	terrestrial biome	environmental feature	feces	mgs136716	mgl136718	-	cambridge, ma	USA	42.3736158, -71.1097335	Amplicon	illumina	 metadata submitted
mgm4538330.3	ID106	12,241,604	60,602	terrestrial biome	environmental feature	feces	mgs136719	mgl136721	-	cambridge, ma	USA	42.3736158, -71.1097335	Amplicon	illumina	 metadata submitted
mgm4538333.3	ID109	17,525,924	86,762	terrestrial biome	environmental feature	feces	mgs136728	mgl136730	-	cambridge, ma	USA	42.3736158, -71.1097335	Amplicon	illumina	 metadata submitted
mgm4538335.3	ID110	19,539,864	96,732	terrestrial biome	environmental feature	feces	mgs136731	mgl136733	-	cambridge, ma	USA	42.3736158, -71.1097335	Amplicon	illumina	 metadata submitted
mgm4538336.3	ID112	9,912,140	49,070	terrestrial biome	environmental feature	feces	mgs136734	mgl136736	-	cambridge, ma	USA	42.3736158, -71.1097335	Amplicon	illumina	 metadata submitted
mgm4538337.3	ID113	9,874,770	48,885	terrestrial biome	environmental feature	feces	mgs136737	mgl136739	-	cambridge, ma	USA	42.3736158, -71.1097335	Amplicon	illumina	 metadata submitted
mgm4538339.3	ID115	13,697,216	67,808	terrestrial biome	environmental feature	feces	mgs136743	mgl136745	-	cambridge, ma	USA	42.3736158, -71.1097335	Amplicon	illumina	 metadata submitted
mgm4538340.3	ID117	10,396,738	51,469	terrestrial biome	environmental feature	feces	mgs136746	mgl136748	-	cambridge, ma	USA	42.3736158, -71.1097335	Amplicon	illumina	 metadata submitted
mgm4538342.3	ID120	9,687,516	47,958	terrestrial biome	environmental feature	feces	mgs136749	mgl136751	-	cambridge, ma	USA	42.3736158, -71.1097335	Amplicon	illumina	 metadata submitted
mgm4538344.3	ID123	7,344,114	36,357	terrestrial biome	environmental feature	feces	mgs136755	mgl136757	-	cambridge, ma	USA	42.3736158, -71.1097335	Amplicon	illumina	 metadata submitted
mgm4538345.3	ID124	755,076	3,738	terrestrial biome	environmental feature	feces	mgs136758	mgl136760	-	cambridge, ma	USA	42.3736158, -71.1097335	Amplicon	illumina	 metadata submitted
mgm4538346.3	ID125	13,838,212	68,506	terrestrial biome	environmental feature	feces	mgs136761	mgl136763	-	cambridge, ma	USA	42.3736158, -71.1097335	Amplicon	illumina	 metadata submitted
mgm4538347.3	ID127	20,437,754	101,177	terrestrial biome	environmental feature	feces	mgs136764	mgl136766	-	cambridge, ma	USA	42.3736158, -71.1097335	Amplicon	illumina	 metadata submitted
mgm4538348.3	ID128	10,017,382	49,591	terrestrial biome	environmental feature	feces	mgs136767	mgl136769	-	cambridge, ma	USA	42.3736158, -71.1097335	Amplicon	illumina	 metadata submitted
mgm4538349.3	ID129	9,525,310	47,155	terrestrial biome	environmental feature	feces	mgs136770	mgl136772	-	cambridge, ma	USA	42.3736158, -71.1097335	Amplicon	illumina	 metadata submitted
mgm4538352.3	ID131	18,814,078	93,139	terrestrial biome	environmental feature	feces	mgs136776	mgl136778	-	cambridge, ma	USA	42.3736158, -71.1097335	Amplicon	illumina	 metadata submitted
mgm4538353.3	ID132	10,146,258	50,229	terrestrial biome	environmental feature	feces	mgs136779	mgl136781	-	cambridge, ma	USA	42.3736158, -71.1097335	Amplicon	illumina	 metadata submitted
mgm4538354.3	ID133	16,893,664	83,632	terrestrial biome	environmental feature	feces	mgs136782	mgl136784	-	cambridge, ma	USA	42.3736158, -71.1097335	Amplicon	illumina	 metadata submitted
mgm4538355.3	ID134	11,868,914	58,757	terrestrial biome	environmental feature	feces	mgs136785	mgl136787	-	cambridge, ma	USA	42.3736158, -71.1097335	Amplicon	illumina	 metadata submitted
mgm4538356.3	ID135	9,909,716	49,058	terrestrial biome	environmental feature	feces	mgs136788	mgl136790	-	cambridge, ma	USA	42.3736158, -71.1097335	Amplicon	illumina	 metadata submitted
mgm4538357.3	ID136	19,113,644	94,622	terrestrial biome	environmental feature	feces	mgs136791	mgl136793	-	cambridge, ma	USA	42.3736158, -71.1097335	Amplicon	illumina	 metadata submitted
mgm4538359.3	ID138	17,740,246	87,823	terrestrial biome	environmental feature	feces	mgs136797	mgl136799	-	cambridge, ma	USA	42.3736158, -71.1097335	Amplicon	illumina	 metadata submitted
mgm4538361.3	ID140	21,346,148	105,674	terrestrial biome	environmental feature	feces	mgs136800	mgl136802	-	cambridge, ma	USA	42.3736158, -71.1097335	Amplicon	illumina	 metadata submitted
mgm4538368.3	ID153	14,674,694	72,647	terrestrial biome	environmental feature	feces	mgs136818	mgl136820	-	cambridge, ma	USA	42.3736158, -71.1097335	Amplicon	illumina	 metadata submitted
mgm4538370.3	ID155	18,615,108	92,154	terrestrial biome	environmental feature	feces	mgs136824	mgl136826	-	cambridge, ma	USA	42.3736158, -71.1097335	Amplicon	illumina	 metadata submitted
mgm4538371.3	ID156	29,674,406	146,903	terrestrial biome	environmental feature	feces	mgs136827	mgl136829	-	cambridge, ma	USA	42.3736158, -71.1097335	Amplicon	illumina	 metadata submitted
mgm4538375.3	ID16	12,819,930	63,465	terrestrial biome	environmental feature	feces	mgs136545	mgl136547	-	cambridge, ma	USA	42.3736158, -71.1097335	Amplicon	illumina	 metadata submitted
mgm4538377.3	ID167	24,644,606	122,003	terrestrial biome	environmental feature	feces	mgs136842	mgl136844	-	cambridge, ma	USA	42.3736158, -71.1097335	Amplicon	illumina	 metadata submitted
mgm4538379.3	ID17	12,238,372	60,586	terrestrial biome	environmental feature	feces	mgs136548	mgl136550	-	cambridge, ma	USA	42.3736158, -71.1097335	Amplicon	illumina	 metadata submitted
mgm4538389.3	ID18	13,825,688	68,444	terrestrial biome	environmental feature	feces	mgs136551	mgl136553	-	cambridge, ma	USA	42.3736158, -71.1097335	Amplicon	illumina	 metadata submitted
mgm4538394.3	ID188	11,506,930	56,965	terrestrial biome	environmental feature	feces	mgs136887	mgl136889	-	cambridge, ma	USA	42.3736158, -71.1097335	Amplicon	illumina	 metadata submitted
mgm4538408.3	ID205	7,888,706	39,053	terrestrial biome	environmental feature	feces	mgs136923	mgl136925	-	cambridge, ma	USA	42.3736158, -71.1097335	Amplicon	illumina	 metadata submitted
mgm4538410.3	ID209	13,251,806	65,603	terrestrial biome	environmental feature	feces	mgs136929	mgl136931	-	cambridge, ma	USA	42.3736158, -71.1097335	Amplicon	illumina	 metadata submitted
mgm4538411.3	ID21	15,347,556	75,978	terrestrial biome	environmental feature	feces	mgs136557	mgl136559	-	cambridge, ma	USA	42.3736158, -71.1097335	Amplicon	illumina	 metadata submitted
mgm4538412.3	ID210	17,626,722	87,261	terrestrial biome	environmental feature	feces	mgs136932	mgl136934	-	cambridge, ma	USA	42.3736158, -71.1097335	Amplicon	illumina	 metadata submitted
mgm4538413.3	ID211	22,303,426	110,413	terrestrial biome	environmental feature	feces	mgs136935	mgl136937	-	cambridge, ma	USA	42.3736158, -71.1097335	Amplicon	illumina	 metadata submitted
mgm4538414.3	ID214	19,227,572	95,186	terrestrial biome	environmental feature	feces	mgs136938	mgl136940	-	cambridge, ma	USA	42.3736158, -71.1097335	Amplicon	illumina	 metadata submitted
mgm4538416.3	ID216	19,768,730	97,865	terrestrial biome	environmental feature	feces	mgs136944	mgl136946	-	cambridge, ma	USA	42.3736158, -71.1097335	Amplicon	illumina	 metadata submitted
mgm4538417.3	ID217	19,618,240	97,120	terrestrial biome	environmental feature	feces	mgs136947	mgl136949	-	cambridge, ma	USA	42.3736158, -71.1097335	Amplicon	illumina	 metadata submitted
mgm4538420.3	ID220	9,580,860	47,430	terrestrial biome	environmental feature	feces	mgs136953	mgl136955	-	cambridge, ma	USA	42.3736158, -71.1097335	Amplicon	illumina	 metadata submitted
mgm4538421.3	ID221	18,202,826	90,113	terrestrial biome	environmental feature	feces	mgs136956	mgl136958	-	cambridge, ma	USA	42.3736158, -71.1097335	Amplicon	illumina	 metadata submitted
mgm4538423.3	ID225	24,254,544	120,072	terrestrial biome	environmental feature	feces	mgs136962	mgl136964	-	cambridge, ma	USA	42.3736158, -71.1097335	Amplicon	illumina	 metadata submitted
mgm4538425.3	ID230	15,658,636	77,518	terrestrial biome	environmental feature	feces	mgs136968	mgl136970	-	cambridge, ma	USA	42.3736158, -71.1097335	Amplicon	illumina	 metadata submitted
mgm4538426.3	ID231	21,001,132	103,966	terrestrial biome	environmental feature	feces	mgs136971	mgl136973	-	cambridge, ma	USA	42.3736158, -71.1097335	Amplicon	illumina	 metadata submitted
mgm4538429.3	ID235	19,452,398	96,299	terrestrial biome	environmental feature	feces	mgs136980	mgl136982	-	cambridge, ma	USA	42.3736158, -71.1097335	Amplicon	illumina	 metadata submitted
mgm4538431.3	ID237	7,967,688	39,444	terrestrial biome	environmental feature	feces	mgs136986	mgl136988	-	cambridge, ma	USA	42.3736158, -71.1097335	Amplicon	illumina	 metadata submitted
mgm4538432.3	ID238	6,900,522	34,161	terrestrial biome	environmental feature	feces	mgs136989	mgl136991	-	cambridge, ma	USA	42.3736158, -71.1097335	Amplicon	illumina	 metadata submitted
mgm4538433.3	ID239	10,510,464	52,032	terrestrial biome	environmental feature	feces	mgs136992	mgl136994	-	cambridge, ma	USA	42.3736158, -71.1097335	Amplicon	illumina	 metadata submitted
mgm4538434.3	ID240	15,135,254	74,927	terrestrial biome	environmental feature	feces	mgs136995	mgl136997	-	cambridge, ma	USA	42.3736158, -71.1097335	Amplicon	illumina	 metadata submitted
mgm4538435.3	ID241	15,584,502	77,151	terrestrial biome	environmental feature	feces	mgs136998	mgl137000	-	cambridge, ma	USA	42.3736158, -71.1097335	Amplicon	illumina	 metadata submitted
mgm4538444.3	ID25	6,906,582	34,191	terrestrial biome	environmental feature	feces	mgs136563	mgl136565	-	cambridge, ma	USA	42.3736158, -71.1097335	Amplicon	illumina	 metadata submitted
mgm4538449.3	ID254	16,700,350	82,675	terrestrial biome	environmental feature	feces	mgs137037	mgl137039	-	cambridge, ma	USA	42.3736158, -71.1097335	Amplicon	illumina	 metadata submitted
mgm4538450.3	ID255	19,786,506	97,953	terrestrial biome	environmental feature	feces	mgs137040	mgl137042	-	cambridge, ma	USA	42.3736158, -71.1097335	Amplicon	illumina	 metadata submitted
mgm4538451.3	ID256	13,817,204	68,402	terrestrial biome	environmental feature	feces	mgs137043	mgl137045	-	cambridge, ma	USA	42.3736158, -71.1097335	Amplicon	illumina	 metadata submitted
mgm4538452.3	ID257	20,670,256	102,328	terrestrial biome	environmental feature	feces	mgs137046	mgl137048	-	cambridge, ma	USA	42.3736158, -71.1097335	Amplicon	illumina	 metadata submitted
mgm4538453.3	ID258	8,305,634	41,117	terrestrial biome	environmental feature	feces	mgs137049	mgl137051	-	cambridge, ma	USA	42.3736158, -71.1097335	Amplicon	illumina	 metadata submitted
mgm4538454.3	ID259	6,675,494	33,047	terrestrial biome	environmental feature	feces	mgs137052	mgl137054	-	cambridge, ma	USA	42.3736158, -71.1097335	Amplicon	illumina	 metadata submitted
mgm4538455.3	ID260	17,494,008	86,604	terrestrial biome	environmental feature	feces	mgs137055	mgl137057	-	cambridge, ma	USA	42.3736158, -71.1097335	Amplicon	illumina	 metadata submitted
mgm4538456.3	ID261	7,642,266	37,833	terrestrial biome	environmental feature	feces	mgs137058	mgl137060	-	cambridge, ma	USA	42.3736158, -71.1097335	Amplicon	illumina	 metadata submitted
mgm4538457.3	ID262	6,157,970	30,485	terrestrial biome	environmental feature	feces	mgs137061	mgl137063	-	cambridge, ma	USA	42.3736158, -71.1097335	Amplicon	illumina	 metadata submitted
mgm4538458.3	ID263	8,656,104	42,852	terrestrial biome	environmental feature	feces	mgs137064	mgl137066	-	cambridge, ma	USA	42.3736158, -71.1097335	Amplicon	illumina	 metadata submitted
mgm4538459.3	ID264	7,949,710	39,355	terrestrial biome	environmental feature	feces	mgs137067	mgl137069	-	cambridge, ma	USA	42.3736158, -71.1097335	Amplicon	illumina	 metadata submitted
mgm4538460.3	ID265	18,084,858	89,529	terrestrial biome	environmental feature	feces	mgs137070	mgl137072	-	cambridge, ma	USA	42.3736158, -71.1097335	Amplicon	illumina	 metadata submitted
mgm4538461.3	ID266	9,361,892	46,346	terrestrial biome	environmental feature	feces	mgs137073	mgl137075	-	cambridge, ma	USA	42.3736158, -71.1097335	Amplicon	illumina	 metadata submitted
mgm4538462.3	ID27	17,997,998	89,099	terrestrial biome	environmental feature	feces	mgs136566	mgl136568	-	cambridge, ma	USA	42.3736158, -71.1097335	Amplicon	illumina	 metadata submitted
mgm4538463.3	ID28	16,688,836	82,618	terrestrial biome	environmental feature	feces	mgs136569	mgl136571	-	cambridge, ma	USA	42.3736158, -71.1097335	Amplicon	illumina	 metadata submitted
mgm4538464.3	ID29	15,960,626	79,013	terrestrial biome	environmental feature	feces	mgs136572	mgl136574	-	cambridge, ma	USA	42.3736158, -71.1097335	Amplicon	illumina	 metadata submitted
mgm4538465.3	ID3	13,022,738	64,469	terrestrial biome	environmental feature	feces	mgs136506	mgl136508	-	cambridge, ma	USA	42.3736158, -71.1097335	Amplicon	illumina	 metadata submitted
mgm4538466.3	ID30	17,304,532	85,666	terrestrial biome	environmental feature	feces	mgs136575	mgl136577	-	cambridge, ma	USA	42.3736158, -71.1097335	Amplicon	illumina	 metadata submitted
mgm4538467.3	ID31	16,524,004	81,802	terrestrial biome	environmental feature	feces	mgs136578	mgl136580	-	cambridge, ma	USA	42.3736158, -71.1097335	Amplicon	illumina	 metadata submitted
mgm4538468.3	ID32	17,196,260	85,130	terrestrial biome	environmental feature	feces	mgs136581	mgl136583	-	cambridge, ma	USA	42.3736158, -71.1097335	Amplicon	illumina	 metadata submitted
mgm4538469.3	ID33	12,993,852	64,326	terrestrial biome	environmental feature	feces	mgs136584	mgl136586	-	cambridge, ma	USA	42.3736158, -71.1097335	Amplicon	illumina	 metadata submitted
mgm4538470.3	ID34	18,694,090	92,545	terrestrial biome	environmental feature	feces	mgs136587	mgl136589	-	cambridge, ma	USA	42.3736158, -71.1097335	Amplicon	illumina	 metadata submitted
mgm4538471.3	ID35	16,878,514	83,557	terrestrial biome	environmental feature	feces	mgs136590	mgl136592	-	cambridge, ma	USA	42.3736158, -71.1097335	Amplicon	illumina	 metadata submitted
mgm4538472.3	ID36	18,545,418	91,809	terrestrial biome	environmental feature	feces	mgs136593	mgl136595	-	cambridge, ma	USA	42.3736158, -71.1097335	Amplicon	illumina	 metadata submitted
mgm4538473.3	ID37	9,708,726	48,063	terrestrial biome	environmental feature	feces	mgs136596	mgl136598	-	cambridge, ma	USA	42.3736158, -71.1097335	Amplicon	illumina	 metadata submitted
mgm4538474.3	ID38	18,287,262	90,531	terrestrial biome	environmental feature	feces	mgs136599	mgl136601	-	cambridge, ma	USA	42.3736158, -71.1097335	Amplicon	illumina	 metadata submitted
mgm4538475.3	ID39	17,722,874	87,737	terrestrial biome	environmental feature	feces	mgs136602	mgl136604	-	cambridge, ma	USA	42.3736158, -71.1097335	Amplicon	illumina	 metadata submitted
mgm4538476.3	ID4	14,317,558	70,879	terrestrial biome	environmental feature	feces	mgs136509	mgl136511	-	cambridge, ma	USA	42.3736158, -71.1097335	Amplicon	illumina	 metadata submitted
mgm4538477.3	ID40	11,546,926	57,163	terrestrial biome	environmental feature	feces	mgs136605	mgl136607	-	cambridge, ma	USA	42.3736158, -71.1097335	Amplicon	illumina	 metadata submitted
mgm4538478.3	ID42	15,980,624	79,112	terrestrial biome	environmental feature	feces	mgs136608	mgl136610	-	cambridge, ma	USA	42.3736158, -71.1097335	Amplicon	illumina	 metadata submitted
mgm4538479.3	ID43	8,295,332	41,066	terrestrial biome	environmental feature	feces	mgs136611	mgl136613	-	cambridge, ma	USA	42.3736158, -71.1097335	Amplicon	illumina	 metadata submitted
mgm4538480.3	ID44	15,000,722	74,261	terrestrial biome	environmental feature	feces	mgs136614	mgl136616	-	cambridge, ma	USA	42.3736158, -71.1097335	Amplicon	illumina	 metadata submitted
mgm4538481.3	ID45	13,358,664	66,132	terrestrial biome	environmental feature	feces	mgs136617	mgl136619	-	cambridge, ma	USA	42.3736158, -71.1097335	Amplicon	illumina	 metadata submitted
mgm4538482.3	ID46	10,252,914	50,757	terrestrial biome	environmental feature	feces	mgs136620	mgl136622	-	cambridge, ma	USA	42.3736158, -71.1097335	Amplicon	illumina	 metadata submitted
mgm4538483.3	ID47	10,536,118	52,159	terrestrial biome	environmental feature	feces	mgs136623	mgl136625	-	cambridge, ma	USA	42.3736158, -71.1097335	Amplicon	illumina	 metadata submitted
mgm4538484.3	ID49	16,587,432	82,116	terrestrial biome	environmental feature	feces	mgs136626	mgl136628	-	cambridge, ma	USA	42.3736158, -71.1097335	Amplicon	illumina	 metadata submitted
mgm4538485.3	ID5	15,174,644	75,122	terrestrial biome	environmental feature	feces	mgs136512	mgl136514	-	cambridge, ma	USA	42.3736158, -71.1097335	Amplicon	illumina	 metadata submitted
mgm4538486.3	ID50	16,435,326	81,363	terrestrial biome	environmental feature	feces	mgs136629	mgl136631	-	cambridge, ma	USA	42.3736158, -71.1097335	Amplicon	illumina	 metadata submitted
mgm4538487.3	ID51	13,729,334	67,967	terrestrial biome	environmental feature	feces	mgs136632	mgl136634	-	cambridge, ma	USA	42.3736158, -71.1097335	Amplicon	illumina	 metadata submitted
mgm4538488.3	ID52	16,262,010	80,505	terrestrial biome	environmental feature	feces	mgs136635	mgl136637	-	cambridge, ma	USA	42.3736158, -71.1097335	Amplicon	illumina	 metadata submitted
mgm4538489.3	ID53	17,910,734	88,667	terrestrial biome	environmental feature	feces	mgs136638	mgl136640	-	cambridge, ma	USA	42.3736158, -71.1097335	Amplicon	illumina	 metadata submitted
mgm4538490.3	ID54	18,165,456	89,928	terrestrial biome	environmental feature	feces	mgs136641	mgl136643	-	cambridge, ma	USA	42.3736158, -71.1097335	Amplicon	illumina	 metadata submitted
mgm4538491.3	ID55	17,459,264	86,432	terrestrial biome	environmental feature	feces	mgs136644	mgl136646	-	cambridge, ma	USA	42.3736158, -71.1097335	Amplicon	illumina	 metadata submitted
mgm4538492.3	ID56	19,168,588	94,894	terrestrial biome	environmental feature	feces	mgs136647	mgl136649	-	cambridge, ma	USA	42.3736158, -71.1097335	Amplicon	illumina	 metadata submitted
mgm4538493.3	ID57	9,024,956	44,678	terrestrial biome	environmental feature	feces	mgs136650	mgl136652	-	cambridge, ma	USA	42.3736158, -71.1097335	Amplicon	illumina	 metadata submitted
mgm4538494.3	ID58	15,040,718	74,459	terrestrial biome	environmental feature	feces	mgs136653	mgl136655	-	cambridge, ma	USA	42.3736158, -71.1097335	Amplicon	illumina	 metadata submitted
mgm4538495.3	ID59	32,399,386	160,393	terrestrial biome	environmental feature	feces	mgs136656	mgl136658	-	cambridge, ma	USA	42.3736158, -71.1097335	Amplicon	illumina	 metadata submitted
mgm4538496.3	ID6	14,566,624	72,112	terrestrial biome	environmental feature	feces	mgs136515	mgl136517	-	cambridge, ma	USA	42.3736158, -71.1097335	Amplicon	illumina	 metadata submitted
mgm4538497.3	ID60	11,344,522	56,161	terrestrial biome	environmental feature	feces	mgs136659	mgl136661	-	cambridge, ma	USA	42.3736158, -71.1097335	Amplicon	illumina	 metadata submitted
mgm4538498.3	ID61	16,847,204	83,402	terrestrial biome	environmental feature	feces	mgs136662	mgl136664	-	cambridge, ma	USA	42.3736158, -71.1097335	Amplicon	illumina	 metadata submitted
mgm4538499.3	ID63	16,351,496	80,948	terrestrial biome	environmental feature	feces	mgs136665	mgl136667	-	cambridge, ma	USA	42.3736158, -71.1097335	Amplicon	illumina	 metadata submitted
mgm4538500.3	ID64	7,581,868	37,534	terrestrial biome	environmental feature	feces	mgs136668	mgl136670	-	cambridge, ma	USA	42.3736158, -71.1097335	Amplicon	illumina	 metadata submitted
mgm4538501.3	ID7	10,756,702	53,251	terrestrial biome	environmental feature	feces	mgs136518	mgl136520	-	cambridge, ma	USA	42.3736158, -71.1097335	Amplicon	illumina	 metadata submitted
mgm4538502.3	ID8	19,948,510	98,755	terrestrial biome	environmental feature	feces	mgs136521	mgl136523	-	cambridge, ma	USA	42.3736158, -71.1097335	Amplicon	illumina	 metadata submitted
mgm4538503.3	ID83	13,267,966	65,683	terrestrial biome	environmental feature	feces	mgs136671	mgl136673	-	cambridge, ma	USA	42.3736158, -71.1097335	Amplicon	illumina	 metadata submitted
mgm4538504.3	ID85	15,815,186	78,293	terrestrial biome	environmental feature	feces	mgs136674	mgl136676	-	cambridge, ma	USA	42.3736158, -71.1097335	Amplicon	illumina	 metadata submitted
mgm4538505.3	ID86	10,769,428	53,314	terrestrial biome	environmental feature	feces	mgs136677	mgl136679	-	cambridge, ma	USA	42.3736158, -71.1097335	Amplicon	illumina	 metadata submitted
mgm4538506.3	ID87	8,239,984	40,792	terrestrial biome	environmental feature	feces	mgs136680	mgl136682	-	cambridge, ma	USA	42.3736158, -71.1097335	Amplicon	illumina	 metadata submitted
mgm4538507.3	ID89	15,052,838	74,519	terrestrial biome	environmental feature	feces	mgs136683	mgl136685	-	cambridge, ma	USA	42.3736158, -71.1097335	Amplicon	illumina	 metadata submitted
mgm4538508.3	ID9	16,627,832	82,316	terrestrial biome	environmental feature	feces	mgs136524	mgl136526	-	cambridge, ma	USA	42.3736158, -71.1097335	Amplicon	illumina	 metadata submitted
mgm4538509.3	ID90	12,797,912	63,356	terrestrial biome	environmental feature	feces	mgs136686	mgl136688	-	cambridge, ma	USA	42.3736158, -71.1097335	Amplicon	illumina	 metadata submitted
mgm4538510.3	ID91	10,879,922	53,861	terrestrial biome	environmental feature	feces	mgs136689	mgl136691	-	cambridge, ma	USA	42.3736158, -71.1097335	Amplicon	illumina	 metadata submitted
mgm4538511.3	ID92	15,598,642	77,221	terrestrial biome	environmental feature	feces	mgs136692	mgl136694	-	cambridge, ma	USA	42.3736158, -71.1097335	Amplicon	illumina	 metadata submitted
mgm4538512.3	ID95	10,208,272	50,536	terrestrial biome	environmental feature	feces	mgs136695	mgl136697	-	cambridge, ma	USA	42.3736158, -71.1097335	Amplicon	illumina	 metadata submitted
mgm4538513.3	ID97	17,439,468	86,334	terrestrial biome	environmental feature	feces	mgs136698	mgl136700	-	cambridge, ma	USA	42.3736158, -71.1097335	Amplicon	illumina	 metadata submitted
mgm4538514.3	ID98	15,488,956	76,678	terrestrial biome	environmental feature	feces	mgs136701	mgl136703	-	cambridge, ma	USA	42.3736158, -71.1097335	Amplicon	illumina	 metadata submitted
mgm4538515.3	ID99	18,374,526	90,963	terrestrial biome	environmental feature	feces	mgs136704	mgl136706	-	cambridge, ma	USA	42.3736158, -71.1097335	Amplicon	illumina	 metadata submitted
mgm4541923.3	DIET1	19,013,048	94,124	terrestrial biome	agricultural feature	food product	mgs142270	mgl142272	-	Cambridge, MA	USA	42.3736158, -71.1097335	Amplicon	illumina	 metadata submitted
mgm4541924.3	DIET10	20,658,136	102,268	terrestrial biome	agricultural feature	food product	mgs142273	mgl142275	-	Cambridge, MA	USA	42.3736158, -71.1097335	Amplicon	illumina	 metadata submitted
mgm4541925.3	DIET11	20,204,848	100,024	terrestrial biome	agricultural feature	food product	mgs142276	mgl142278	-	Cambridge, MA	USA	42.3736158, -71.1097335	Amplicon	illumina	 metadata submitted
mgm4541926.3	DIET12	22,341,200	110,600	terrestrial biome	agricultural feature	food product	mgs142279	mgl142281	-	Cambridge, MA	USA	42.3736158, -71.1097335	Amplicon	illumina	 metadata submitted
mgm4541927.3	DIET13	10,838,310	53,655	terrestrial biome	agricultural feature	food product	mgs142282	mgl142284	-	Cambridge, MA	USA	42.3736158, -71.1097335	Amplicon	illumina	 metadata submitted
mgm4541928.3	DIET14	21,600,870	106,935	terrestrial biome	agricultural feature	food product	mgs142285	mgl142287	-	Cambridge, MA	USA	42.3736158, -71.1097335	Amplicon	illumina	 metadata submitted
mgm4541929.3	DIET15	14,895,278	73,739	terrestrial biome	agricultural feature	food product	mgs142289	mgl142291	-	Cambridge, MA	USA	42.3736158, -71.1097335	Amplicon	illumina	 metadata submitted
mgm4541930.3	DIET16	8,682,970	42,985	terrestrial biome	agricultural feature	food product	mgs142292	mgl142294	-	Cambridge, MA	USA	42.3736158, -71.1097335	Amplicon	illumina	 metadata submitted
mgm4541931.3	DIET17	13,923,456	68,928	terrestrial biome	agricultural feature	food product	mgs142296	mgl142298	-	Cambridge, MA	USA	42.3736158, -71.1097335	Amplicon	illumina	 metadata submitted
mgm4541932.3	DIET18	12,967,592	64,196	terrestrial biome	agricultural feature	food product	mgs142299	mgl142301	-	Cambridge, MA	USA	42.3736158, -71.1097335	Amplicon	illumina	 metadata submitted
mgm4541933.3	DIET19	10,793,870	53,435	terrestrial biome	agricultural feature	food product	mgs142303	mgl142305	-	Cambridge, MA	USA	42.3736158, -71.1097335	Amplicon	illumina	 metadata submitted
mgm4541934.3	DIET2	7,611,360	37,680	terrestrial biome	agricultural feature	food product	mgs142306	mgl142308	-	Cambridge, MA	USA	42.3736158, -71.1097335	Amplicon	illumina	 metadata submitted
mgm4541935.3	DIET20	2,385,418	11,809	terrestrial biome	agricultural feature	food product	mgs142309	mgl142311	-	Cambridge, MA	USA	42.3736158, -71.1097335	Amplicon	illumina	 metadata submitted
mgm4541936.3	DIET21	20,882,760	103,380	terrestrial biome	agricultural feature	food product	mgs142313	mgl142315	-	Cambridge, MA	USA	42.3736158, -71.1097335	Amplicon	illumina	 metadata submitted
mgm4541937.3	DIET22	8,555,912	42,356	terrestrial biome	agricultural feature	food product	mgs142316	mgl142318	-	Cambridge, MA	USA	42.3736158, -71.1097335	Amplicon	illumina	 metadata submitted
mgm4541938.3	DIET23	22,102,234	109,417	terrestrial biome	agricultural feature	food product	mgs142320	mgl142322	-	Cambridge, MA	USA	42.3736158, -71.1097335	Amplicon	illumina	 metadata submitted
mgm4541939.3	DIET24	8,519,754	42,177	terrestrial biome	agricultural feature	food product	mgs142323	mgl142325	-	Cambridge, MA	USA	42.3736158, -71.1097335	Amplicon	illumina	 metadata submitted
mgm4541940.3	DIET25	14,520,770	71,885	terrestrial biome	agricultural feature	food product	mgs142326	mgl142328	-	Cambridge, MA	USA	42.3736158, -71.1097335	Amplicon	illumina	 metadata submitted
mgm4541941.3	DIET26	19,424,724	96,162	terrestrial biome	agricultural feature	food product	mgs142330	mgl142332	-	Cambridge, MA	USA	42.3736158, -71.1097335	Amplicon	illumina	 metadata submitted
mgm4541942.3	DIET27	20,799,738	102,969	terrestrial biome	agricultural feature	food product	mgs142333	mgl142335	-	Cambridge, MA	USA	42.3736158, -71.1097335	Amplicon	illumina	 metadata submitted
mgm4541943.3	DIET28	21,235,452	105,126	terrestrial biome	agricultural feature	food product	mgs142336	mgl142338	-	Cambridge, MA	USA	42.3736158, -71.1097335	Amplicon	illumina	 metadata submitted
mgm4541944.3	DIET29	19,587,132	96,966	terrestrial biome	agricultural feature	food product	mgs142339	mgl142341	-	Cambridge, MA	USA	42.3736158, -71.1097335	Amplicon	illumina	 metadata submitted
mgm4541945.3	DIET3	9,363,306	46,353	terrestrial biome	agricultural feature	food product	mgs142342	mgl142344	-	Cambridge, MA	USA	42.3736158, -71.1097335	Amplicon	illumina	 metadata submitted
mgm4541946.3	DIET30	19,134,046	94,723	terrestrial biome	agricultural feature	food product	mgs142345	mgl142347	-	Cambridge, MA	USA	42.3736158, -71.1097335	Amplicon	illumina	 metadata submitted
mgm4541947.3	DIET31	18,874,072	93,436	terrestrial biome	agricultural feature	food product	mgs142348	mgl142350	-	Cambridge, MA	USA	42.3736158, -71.1097335	Amplicon	illumina	 metadata submitted
mgm4541948.3	DIET32	6,614,490	32,745	terrestrial biome	agricultural feature	food product	mgs142352	mgl142354	-	Cambridge, MA	USA	42.3736158, -71.1097335	Amplicon	illumina	 metadata submitted
mgm4541949.3	DIET33	15,545,920	76,960	terrestrial biome	agricultural feature	food product	mgs142355	mgl142357	-	Cambridge, MA	USA	42.3736158, -71.1097335	Amplicon	illumina	 metadata submitted
mgm4541950.3	DIET34	21,601,274	106,937	terrestrial biome	agricultural feature	food product	mgs142358	mgl142360	-	Cambridge, MA	USA	42.3736158, -71.1097335	Amplicon	illumina	 metadata submitted
mgm4541951.3	DIET35	15,315,236	75,818	terrestrial biome	agricultural feature	food product	mgs142362	mgl142364	-	Cambridge, MA	USA	42.3736158, -71.1097335	Amplicon	illumina	 metadata submitted
mgm4541952.3	DIET36	18,718,128	92,664	terrestrial biome	agricultural feature	food product	mgs142365	mgl142367	-	Cambridge, MA	USA	42.3736158, -71.1097335	Amplicon	illumina	 metadata submitted
mgm4541953.3	DIET37	17,696,412	87,606	terrestrial biome	agricultural feature	food product	mgs142368	mgl142370	-	Cambridge, MA	USA	42.3736158, -71.1097335	Amplicon	illumina	 metadata submitted
mgm4541954.3	DIET38	21,258,682	105,241	terrestrial biome	agricultural feature	food product	mgs142372	mgl142374	-	Cambridge, MA	USA	42.3736158, -71.1097335	Amplicon	illumina	 metadata submitted
mgm4541955.3	DIET39	24,630,668	121,934	terrestrial biome	agricultural feature	food product	mgs142375	mgl142377	-	Cambridge, MA	USA	42.3736158, -71.1097335	Amplicon	illumina	 metadata submitted
mgm4541956.3	DIET4	12,988,600	64,300	terrestrial biome	agricultural feature	food product	mgs142378	mgl142380	-	Cambridge, MA	USA	42.3736158, -71.1097335	Amplicon	illumina	 metadata submitted
mgm4541957.3	DIET40	9,354,216	46,308	terrestrial biome	agricultural feature	food product	mgs142382	mgl142384	-	Cambridge, MA	USA	42.3736158, -71.1097335	Amplicon	illumina	 metadata submitted
mgm4541958.3	DIET41	13,271,400	65,700	terrestrial biome	agricultural feature	food product	mgs142385	mgl142387	-	Cambridge, MA	USA	42.3736158, -71.1097335	Amplicon	illumina	 metadata submitted
mgm4541959.3	DIET42	7,099,896	35,148	terrestrial biome	agricultural feature	food product	mgs142388	mgl142390	-	Cambridge, MA	USA	42.3736158, -71.1097335	Amplicon	illumina	 metadata submitted
mgm4541960.3	DIET43	14,317,356	70,878	terrestrial biome	agricultural feature	food product	mgs142391	mgl142393	-	Cambridge, MA	USA	42.3736158, -71.1097335	Amplicon	illumina	 metadata submitted
mgm4541961.3	DIET44	25,097,692	124,246	terrestrial biome	agricultural feature	food product	mgs142395	mgl142397	-	Cambridge, MA	USA	42.3736158, -71.1097335	Amplicon	illumina	 metadata submitted
mgm4541962.3	DIET45	19,763,478	97,839	terrestrial biome	agricultural feature	food product	mgs142398	mgl142400	-	Cambridge, MA	USA	42.3736158, -71.1097335	Amplicon	illumina	 metadata submitted
mgm4541963.3	DIET46	17,032,438	84,319	terrestrial biome	agricultural feature	food product	mgs142401	mgl142403	-	Cambridge, MA	USA	42.3736158, -71.1097335	Amplicon	illumina	 metadata submitted
mgm4541964.3	DIET47	11,370,984	56,292	terrestrial biome	agricultural feature	food product	mgs142404	mgl142406	-	Cambridge, MA	USA	42.3736158, -71.1097335	Amplicon	illumina	 metadata submitted
mgm4541965.3	DIET48	7,390,776	36,588	terrestrial biome	agricultural feature	food product	mgs142407	mgl142409	-	Cambridge, MA	USA	42.3736158, -71.1097335	Amplicon	illumina	 metadata submitted
mgm4541966.3	DIET49	11,444,916	56,658	terrestrial biome	agricultural feature	food product	mgs142410	mgl142412	-	Cambridge, MA	USA	42.3736158, -71.1097335	Amplicon	illumina	 metadata submitted
mgm4541967.3	DIET5	11,004,960	54,480	terrestrial biome	agricultural feature	food product	mgs142414	mgl142416	-	Cambridge, MA	USA	42.3736158, -71.1097335	Amplicon	illumina	 metadata submitted
mgm4541968.3	DIET50	9,964,054	49,327	terrestrial biome	agricultural feature	food product	mgs142417	mgl142419	-	Cambridge, MA	USA	42.3736158, -71.1097335	Amplicon	illumina	 metadata submitted
mgm4541969.3	DIET51	7,805,280	38,640	terrestrial biome	agricultural feature	food product	mgs142420	mgl142422	-	Cambridge, MA	USA	42.3736158, -71.1097335	Amplicon	illumina	 metadata submitted
mgm4541970.3	DIET52	7,502,280	37,140	terrestrial biome	agricultural feature	food product	mgs142423	mgl142425	-	Cambridge, MA	USA	42.3736158, -71.1097335	Amplicon	illumina	 metadata submitted
mgm4541971.3	DIET53	23,777,824	117,712	terrestrial biome	agricultural feature	food product	mgs142427	mgl142429	-	Cambridge, MA	USA	42.3736158, -71.1097335	Amplicon	illumina	 metadata submitted
mgm4541972.3	DIET54	14,808,014	73,307	terrestrial biome	agricultural feature	food product	mgs142430	mgl142432	-	Cambridge, MA	USA	42.3736158, -71.1097335	Amplicon	illumina	 metadata submitted
mgm4541973.3	DIET55	21,662,076	107,238	terrestrial biome	agricultural feature	food product	mgs142434	mgl142436	-	Cambridge, MA	USA	42.3736158, -71.1097335	Amplicon	illumina	 metadata submitted
mgm4541974.3	DIET56	9,896,384	48,992	terrestrial biome	agricultural feature	food product	mgs142437	mgl142439	-	Cambridge, MA	USA	42.3736158, -71.1097335	Amplicon	illumina	 metadata submitted
mgm4541975.3	DIET6	10,722,160	53,080	terrestrial biome	agricultural feature	food product	mgs142441	mgl142443	-	Cambridge, MA	USA	42.3736158, -71.1097335	Amplicon	illumina	 metadata submitted
mgm4541976.3	DIET7	15,955,778	78,989	terrestrial biome	agricultural feature	food product	mgs142445	mgl142447	-	Cambridge, MA	USA	42.3736158, -71.1097335	Amplicon	illumina	 metadata submitted
mgm4541977.3	DIET8	9,867,498	48,849	terrestrial biome	agricultural feature	food product	mgs142448	mgl142450	-	Cambridge, MA	USA	42.3736158, -71.1097335	Amplicon	illumina	 metadata submitted
mgm4541978.3	DIET9	27,359,688	135,444	terrestrial biome	agricultural feature	food product	mgs142452	mgl142454	-	Cambridge, MA	USA	42.3736158, -71.1097335	Amplicon	illumina	 metadata submitted
mgm4542099.3	ITS3.DD10	2,871,907	20,106	terrestrial biome	human-associated habitat	feces	mgs141801	mgl141804	-	cambridge, ma	USA	42.3736158, -71.1097335	Amplicon	illumina	 metadata submitted
mgm4542100.3	ITS3.DD102	9,547,395	75,251	terrestrial biome	human-associated habitat	feces	mgs141805	mgl141808	-	cambridge, ma	USA	42.3736158, -71.1097335	Amplicon	illumina	 metadata submitted
mgm4542101.3	ITS3.DD105	1,868,150	20,419	terrestrial biome	human-associated habitat	feces	mgs141812	mgl141814	-	cambridge, ma	USA	42.3736158, -71.1097335	Amplicon	illumina	 metadata submitted
mgm4542102.3	ITS3.DD107	3,823,728	39,496	terrestrial biome	human-associated habitat	feces	mgs141818	mgl141821	-	cambridge, ma	USA	42.3736158, -71.1097335	Amplicon	illumina	 metadata submitted
mgm4542103.3	ITS3.DD108	3,970,491	27,929	terrestrial biome	human-associated habitat	feces	mgs141822	mgl141825	-	cambridge, ma	USA	42.3736158, -71.1097335	Amplicon	illumina	 metadata submitted
mgm4542104.3	ITS3.DD110	1,619,521	11,332	terrestrial biome	human-associated habitat	feces	mgs141826	mgl141829	-	cambridge, ma	USA	42.3736158, -71.1097335	MT	illumina	 metadata submitted
mgm4542105.3	ITS3.DD111	1,028,954	11,771	terrestrial biome	human-associated habitat	feces	mgs141830	mgl141833	-	cambridge, ma	USA	42.3736158, -71.1097335	Amplicon	illumina	 metadata submitted
mgm4542106.3	ITS3.DD112	3,374,940	38,019	terrestrial biome	human-associated habitat	feces	mgs141834	mgl141837	-	cambridge, ma	USA	42.3736158, -71.1097335	Amplicon	illumina	 metadata submitted
mgm4542107.3	ITS3.DD113	13,552,194	92,412	terrestrial biome	human-associated habitat	feces	mgs141838	mgl141841	-	cambridge, ma	USA	42.3736158, -71.1097335	Amplicon	illumina	 metadata submitted
mgm4542108.3	ITS3.DD115	10,367,795	95,621	terrestrial biome	human-associated habitat	feces	mgs141845	mgl141848	-	cambridge, ma	USA	42.3736158, -71.1097335	Amplicon	illumina	 metadata submitted
mgm4542109.3	ITS3.DD116	10,502,788	87,090	terrestrial biome	human-associated habitat	feces	mgs141849	mgl141852	-	cambridge, ma	USA	42.3736158, -71.1097335	MT	illumina	 metadata submitted
mgm4542110.3	ITS3.DD118	6,343,841	73,300	terrestrial biome	human-associated habitat	feces	mgs141853	mgl141856	-	cambridge, ma	USA	42.3736158, -71.1097335	Amplicon	illumina	 metadata submitted
mgm4542111.3	ITS3.DD119	6,010,132	49,776	terrestrial biome	human-associated habitat	feces	mgs141857	mgl141860	-	cambridge, ma	USA	42.3736158, -71.1097335	MT	illumina	 metadata submitted
mgm4542112.3	ITS3.DD12	131,816	971	terrestrial biome	human-associated habitat	feces	mgs141861	mgl141864	-	cambridge, ma	USA	42.3736158, -71.1097335	Amplicon	illumina	 metadata submitted
mgm4542113.3	ITS3.DD120	3,243,022	35,641	terrestrial biome	human-associated habitat	feces	mgs141865	mgl141868	-	cambridge, ma	USA	42.3736158, -71.1097335	Amplicon	illumina	 metadata submitted
mgm4542114.3	ITS3.DD121	5,224,786	36,611	terrestrial biome	human-associated habitat	feces	mgs141869	mgl141872	-	cambridge, ma	USA	42.3736158, -71.1097335	Amplicon	illumina	 metadata submitted
mgm4542115.3	ITS3.DD122	2,220,723	15,525	terrestrial biome	human-associated habitat	feces	mgs141873	mgl141876	-	cambridge, ma	USA	42.3736158, -71.1097335	Amplicon	illumina	 metadata submitted
mgm4542116.3	ITS3.DD123	3,376,118	23,858	terrestrial biome	human-associated habitat	feces	mgs141877	mgl141880	-	cambridge, ma	USA	42.3736158, -71.1097335	MT	illumina	 metadata submitted
mgm4542117.3	ITS3.DD124	9,738,871	65,817	terrestrial biome	human-associated habitat	feces	mgs141881	mgl141883	-	cambridge, ma	USA	42.3736158, -71.1097335	Amplicon	illumina	 metadata submitted
mgm4542118.3	ITS3.DD125	3,899,901	28,057	terrestrial biome	human-associated habitat	feces	mgs141884	mgl141887	-	cambridge, ma	USA	42.3736158, -71.1097335	MT	illumina	 metadata submitted
mgm4542119.3	ITS3.DD129	2,540,546	18,049	terrestrial biome	human-associated habitat	feces	mgs141891	mgl141894	-	cambridge, ma	USA	42.3736158, -71.1097335	MT	illumina	 metadata submitted
mgm4542120.3	ITS3.DD13	453,071	3,325	terrestrial biome	human-associated habitat	feces	mgs141895	mgl141898	-	cambridge, ma	USA	42.3736158, -71.1097335	Amplicon	illumina	 metadata submitted
mgm4542121.3	ITS3.DD130	293,893	2,151	terrestrial biome	human-associated habitat	feces	mgs141899	mgl141902	-	cambridge, ma	USA	42.3736158, -71.1097335	Amplicon	illumina	 metadata submitted
mgm4542122.3	ITS3.DD132	3,840,063	26,356	terrestrial biome	human-associated habitat	feces	mgs141903	mgl141906	-	cambridge, ma	USA	42.3736158, -71.1097335	Amplicon	illumina	 metadata submitted
mgm4542123.3	ITS3.DD134	4,860,151	33,249	terrestrial biome	human-associated habitat	feces	mgs141910	mgl141913	-	cambridge, ma	USA	42.3736158, -71.1097335	Amplicon	illumina	 metadata submitted
mgm4542124.3	ITS3.DD136	2,365,880	20,612	terrestrial biome	human-associated habitat	feces	mgs141917	mgl141920	-	cambridge, ma	USA	42.3736158, -71.1097335	MT	illumina	 metadata submitted
mgm4542125.3	ITS3.DD137	2,130,757	14,710	terrestrial biome	human-associated habitat	feces	mgs141921	mgl141924	-	cambridge, ma	USA	42.3736158, -71.1097335	MT	illumina	 metadata submitted
mgm4542126.3	ITS3.DD138	539,605	3,800	terrestrial biome	human-associated habitat	feces	mgs141925	mgl141928	-	cambridge, ma	USA	42.3736158, -71.1097335	Amplicon	illumina	 metadata submitted
mgm4542127.3	ITS3.DD139	226,525	1,571	terrestrial biome	human-associated habitat	feces	mgs141929	mgl141932	-	cambridge, ma	USA	42.3736158, -71.1097335	Amplicon	illumina	 metadata submitted
mgm4542128.3	ITS3.DD14	51,906	444	terrestrial biome	human-associated habitat	feces	mgs141933	mgl141936	-	cambridge, ma	USA	42.3736158, -71.1097335	Amplicon	illumina	 metadata submitted
mgm4542129.3	ITS3.DD140	372,808	2,550	terrestrial biome	human-associated habitat	feces	mgs141937	mgl141940	-	cambridge, ma	USA	42.3736158, -71.1097335	Amplicon	illumina	 metadata submitted
mgm4542130.3	ITS3.DD141	278,859	1,913	terrestrial biome	human-associated habitat	feces	mgs141941	mgl141944	-	cambridge, ma	USA	42.3736158, -71.1097335	Amplicon	illumina	 metadata submitted
mgm4542131.3	ITS3.DD143	1,686,578	11,779	terrestrial biome	human-associated habitat	feces	mgs141945	mgl141947	-	cambridge, ma	USA	42.3736158, -71.1097335	MT	illumina	 metadata submitted
mgm4542132.3	ITS3.DD144	5,736,662	39,949	terrestrial biome	human-associated habitat	feces	mgs141948	mgl141951	-	cambridge, ma	USA	42.3736158, -71.1097335	Amplicon	illumina	 metadata submitted
mgm4542133.3	ITS3.DD146	2,049,403	14,149	terrestrial biome	human-associated habitat	feces	mgs141955	mgl141958	-	cambridge, ma	USA	42.3736158, -71.1097335	Amplicon	illumina	 metadata submitted
mgm4542134.3	ITS3.DD148	3,057,327	20,597	terrestrial biome	human-associated habitat	feces	mgs141962	mgl141965	-	cambridge, ma	USA	42.3736158, -71.1097335	Amplicon	illumina	 metadata submitted
mgm4542135.3	ITS3.DD149	1,846,304	12,434	terrestrial biome	human-associated habitat	feces	mgs141966	mgl141969	-	cambridge, ma	USA	42.3736158, -71.1097335	Amplicon	illumina	 metadata submitted
mgm4542136.3	ITS3.DD15	2,488,871	17,999	terrestrial biome	human-associated habitat	feces	mgs141970	mgl141973	-	cambridge, ma	USA	42.3736158, -71.1097335	MT	illumina	 metadata submitted
mgm4542137.3	ITS3.DD151	9,076,122	61,316	terrestrial biome	human-associated habitat	feces	mgs141977	mgl141980	-	cambridge, ma	USA	42.3736158, -71.1097335	Amplicon	illumina	 metadata submitted
mgm4542138.3	ITS3.DD153	3,892,014	26,216	terrestrial biome	human-associated habitat	feces	mgs141984	mgl141987	-	cambridge, ma	USA	42.3736158, -71.1097335	Amplicon	illumina	 metadata submitted
mgm4542139.3	ITS3.DD155	2,183,401	14,739	terrestrial biome	human-associated habitat	feces	mgs141991	mgl141994	-	cambridge, ma	USA	42.3736158, -71.1097335	Amplicon	illumina	 metadata submitted
mgm4542140.3	ITS3.DD17	446,651	3,288	terrestrial biome	human-associated habitat	feces	mgs142019	mgl142022	-	cambridge, ma	USA	42.3736158, -71.1097335	Amplicon	illumina	 metadata submitted
mgm4542141.3	ITS3.DD18	230,061	1,931	terrestrial biome	human-associated habitat	feces	mgs142023	mgl142026	-	cambridge, ma	USA	42.3736158, -71.1097335	Amplicon	illumina	 metadata submitted
mgm4542142.3	ITS3.DD20	460,080	3,314	terrestrial biome	human-associated habitat	feces	mgs142030	mgl142033	-	cambridge, ma	USA	42.3736158, -71.1097335	Amplicon	illumina	 metadata submitted
mgm4542143.3	ITS3.DD21	299,221	2,090	terrestrial biome	human-associated habitat	feces	mgs142034	mgl142037	-	cambridge, ma	USA	42.3736158, -71.1097335	Amplicon	illumina	 metadata submitted
mgm4542144.3	ITS3.DD22	4,090,086	27,760	terrestrial biome	human-associated habitat	feces	mgs142038	mgl142041	-	cambridge, ma	USA	42.3736158, -71.1097335	Amplicon	illumina	 metadata submitted
mgm4542145.3	ITS3.DD23	413,631	2,950	terrestrial biome	human-associated habitat	feces	mgs142042	mgl142045	-	cambridge, ma	USA	42.3736158, -71.1097335	Amplicon	illumina	 metadata submitted
mgm4542146.3	ITS3.DD24	4,172,603	29,420	terrestrial biome	human-associated habitat	feces	mgs142046	mgl142049	-	cambridge, ma	USA	42.3736158, -71.1097335	Amplicon	illumina	 metadata submitted
mgm4542147.3	ITS3.DD25	1,826,772	13,570	terrestrial biome	human-associated habitat	feces	mgs142050	mgl142053	-	cambridge, ma	USA	42.3736158, -71.1097335	MT	illumina	 metadata submitted
mgm4542148.3	ITS3.DD27	460,329	3,733	terrestrial biome	human-associated habitat	feces	mgs142054	mgl142057	-	cambridge, ma	USA	42.3736158, -71.1097335	Amplicon	illumina	 metadata submitted
mgm4542149.3	ITS3.DD28	1,752,213	12,410	terrestrial biome	human-associated habitat	feces	mgs142058	mgl142061	-	cambridge, ma	USA	42.3736158, -71.1097335	Amplicon	illumina	 metadata submitted
mgm4542150.3	ITS3.DD29	936,278	7,104	terrestrial biome	human-associated habitat	feces	mgs142062	mgl142065	-	cambridge, ma	USA	42.3736158, -71.1097335	Amplicon	illumina	 metadata submitted
mgm4542151.3	ITS3.DD3	906,628	6,439	terrestrial biome	human-associated habitat	feces	mgs142066	mgl142069	-	cambridge, ma	USA	42.3736158, -71.1097335	Amplicon	illumina	 metadata submitted
mgm4542152.3	ITS3.DD30	6,714,023	46,075	terrestrial biome	human-associated habitat	feces	mgs142070	mgl142073	-	cambridge, ma	USA	42.3736158, -71.1097335	Amplicon	illumina	 metadata submitted
mgm4542153.3	ITS3.DD31	6,827,079	47,800	terrestrial biome	human-associated habitat	feces	mgs142074	mgl142077	-	cambridge, ma	USA	42.3736158, -71.1097335	Amplicon	illumina	 metadata submitted
mgm4542154.3	ITS3.DD32	2,816,572	19,328	terrestrial biome	human-associated habitat	feces	mgs142078	mgl142081	-	cambridge, ma	USA	42.3736158, -71.1097335	Amplicon	illumina	 metadata submitted
mgm4542155.3	ITS3.DD33	4,890,354	33,480	terrestrial biome	human-associated habitat	feces	mgs142082	mgl142085	-	cambridge, ma	USA	42.3736158, -71.1097335	Amplicon	illumina	 metadata submitted
mgm4542156.3	ITS3.DD34	728,031	5,561	terrestrial biome	human-associated habitat	feces	mgs142086	mgl142089	-	cambridge, ma	USA	42.3736158, -71.1097335	Amplicon	illumina	 metadata submitted
mgm4542157.3	ITS3.DD36	762,803	5,712	terrestrial biome	human-associated habitat	feces	mgs142090	mgl142093	-	cambridge, ma	USA	42.3736158, -71.1097335	Amplicon	illumina	 metadata submitted
mgm4542158.3	ITS3.DD38	6,404,817	45,252	terrestrial biome	human-associated habitat	feces	mgs142094	mgl142097	-	cambridge, ma	USA	42.3736158, -71.1097335	Amplicon	illumina	 metadata submitted
mgm4542159.3	ITS3.DD39	2,372,918	16,116	terrestrial biome	human-associated habitat	feces	mgs142098	mgl142101	-	cambridge, ma	USA	42.3736158, -71.1097335	Amplicon	illumina	 metadata submitted
mgm4542160.3	ITS3.DD4	3,872,314	26,711	terrestrial biome	human-associated habitat	feces	mgs142102	mgl142105	-	cambridge, ma	USA	42.3736158, -71.1097335	Amplicon	illumina	 metadata submitted
mgm4542161.3	ITS3.DD41	31,424,022	213,088	terrestrial biome	human-associated habitat	feces	mgs142106	mgl142108	-	cambridge, ma	USA	42.3736158, -71.1097335	Amplicon	illumina	 metadata submitted
mgm4542162.3	ITS3.DD42	16,433,783	111,200	terrestrial biome	human-associated habitat	feces	mgs142109	mgl142112	-	cambridge, ma	USA	42.3736158, -71.1097335	Amplicon	illumina	 metadata submitted
mgm4542163.3	ITS3.DD43	2,725,248	18,371	terrestrial biome	human-associated habitat	feces	mgs142113	mgl142116	-	cambridge, ma	USA	42.3736158, -71.1097335	Amplicon	illumina	 metadata submitted
mgm4542164.3	ITS3.DD44	444,759	3,092	terrestrial biome	human-associated habitat	feces	mgs142117	mgl142120	-	cambridge, ma	USA	42.3736158, -71.1097335	Amplicon	illumina	 metadata submitted
mgm4542165.3	ITS3.DD45	989,145	7,013	terrestrial biome	human-associated habitat	feces	mgs142121	mgl142123	-	cambridge, ma	USA	42.3736158, -71.1097335	Amplicon	illumina	 metadata submitted
mgm4542166.3	ITS3.DD46	3,015,894	21,048	terrestrial biome	human-associated habitat	feces	mgs142124	mgl142126	-	cambridge, ma	USA	42.3736158, -71.1097335	Amplicon	illumina	 metadata submitted
mgm4542167.3	ITS3.DD47	325,151	2,421	terrestrial biome	human-associated habitat	feces	mgs142127	mgl142130	-	cambridge, ma	USA	42.3736158, -71.1097335	Amplicon	illumina	 metadata submitted
mgm4542168.3	ITS3.DD48	4,355,443	30,121	terrestrial biome	human-associated habitat	feces	mgs142131	mgl142134	-	cambridge, ma	USA	42.3736158, -71.1097335	Amplicon	illumina	 metadata submitted
mgm4542169.3	ITS3.DD5	1,591,967	12,125	terrestrial biome	human-associated habitat	feces	mgs142135	mgl142138	-	cambridge, ma	USA	42.3736158, -71.1097335	Amplicon	illumina	 metadata submitted
mgm4542170.3	ITS3.DD51	1,337,979	9,125	terrestrial biome	human-associated habitat	feces	mgs142139	mgl142141	-	cambridge, ma	USA	42.3736158, -71.1097335	Amplicon	illumina	 metadata submitted
mgm4542171.3	ITS3.DD53	2,762,847	19,026	terrestrial biome	human-associated habitat	feces	mgs142142	mgl142145	-	cambridge, ma	USA	42.3736158, -71.1097335	Amplicon	illumina	 metadata submitted
mgm4542172.3	ITS3.DD58	1,077,172	7,722	terrestrial biome	human-associated habitat	feces	mgs142146	mgl142149	-	cambridge, ma	USA	42.3736158, -71.1097335	MT	illumina	 metadata submitted
mgm4542173.3	ITS3.DD59	700,012	5,084	terrestrial biome	human-associated habitat	feces	mgs142150	mgl142153	-	cambridge, ma	USA	42.3736158, -71.1097335	Amplicon	illumina	 metadata submitted
mgm4542174.3	ITS3.DD6	2,747,669	20,516	terrestrial biome	human-associated habitat	feces	mgs142154	mgl142157	-	cambridge, ma	USA	42.3736158, -71.1097335	Amplicon	illumina	 metadata submitted
mgm4542175.3	ITS3.DD60	38,398	270	terrestrial biome	human-associated habitat	feces	mgs142158	mgl142161	-	cambridge, ma	USA	42.3736158, -71.1097335	Amplicon	illumina	 metadata submitted
mgm4542176.3	ITS3.DD61	352,078	2,526	terrestrial biome	human-associated habitat	feces	mgs142162	mgl142165	-	cambridge, ma	USA	42.3736158, -71.1097335	Amplicon	illumina	 metadata submitted
mgm4542177.3	ITS3.DD63	9,849,869	66,670	terrestrial biome	human-associated habitat	feces	mgs142166	mgl142169	-	cambridge, ma	USA	42.3736158, -71.1097335	Amplicon	illumina	 metadata submitted
mgm4542178.3	ITS3.DD64	6,416,725	43,722	terrestrial biome	human-associated habitat	feces	mgs142170	mgl142173	-	cambridge, ma	USA	42.3736158, -71.1097335	Amplicon	illumina	 metadata submitted
mgm4542179.3	ITS3.DD65	689,932	4,779	terrestrial biome	human-associated habitat	feces	mgs142174	mgl142177	-	cambridge, ma	USA	42.3736158, -71.1097335	Amplicon	illumina	 metadata submitted
mgm4542180.3	ITS3.DD67	203,356	1,459	terrestrial biome	human-associated habitat	feces	mgs142178	mgl142181	-	cambridge, ma	USA	42.3736158, -71.1097335	Amplicon	illumina	 metadata submitted
mgm4542181.3	ITS3.DD68	1,794,657	12,153	terrestrial biome	human-associated habitat	feces	mgs142182	mgl142185	-	cambridge, ma	USA	42.3736158, -71.1097335	Amplicon	illumina	 metadata submitted
mgm4542182.3	ITS3.DD7	2,849,842	20,412	terrestrial biome	human-associated habitat	feces	mgs142186	mgl142189	-	cambridge, ma	USA	42.3736158, -71.1097335	Amplicon	illumina	 metadata submitted
mgm4542183.3	ITS3.DD70	223,935	1,537	terrestrial biome	human-associated habitat	feces	mgs142190	mgl142193	-	cambridge, ma	USA	42.3736158, -71.1097335	Amplicon	illumina	 metadata submitted
mgm4542184.3	ITS3.DD75	1,076,048	8,405	terrestrial biome	human-associated habitat	feces	mgs142200	mgl142202	-	cambridge, ma	USA	42.3736158, -71.1097335	Amplicon	illumina	 metadata submitted
mgm4542185.3	ITS3.DD77	2,358,550	15,889	terrestrial biome	human-associated habitat	feces	mgs142203	mgl142205	-	cambridge, ma	USA	42.3736158, -71.1097335	Amplicon	illumina	 metadata submitted
mgm4542186.3	ITS3.DD79	710,681	4,915	terrestrial biome	human-associated habitat	feces	mgs142206	mgl142209	-	cambridge, ma	USA	42.3736158, -71.1097335	Amplicon	illumina	 metadata submitted
mgm4542187.3	ITS3.DD80	838,258	5,724	terrestrial biome	human-associated habitat	feces	mgs142213	mgl142216	-	cambridge, ma	USA	42.3736158, -71.1097335	Amplicon	illumina	 metadata submitted
mgm4542188.3	ITS3.DD84	2,079,115	14,695	terrestrial biome	human-associated habitat	feces	mgs142226	mgl142229	-	cambridge, ma	USA	42.3736158, -71.1097335	Amplicon	illumina	 metadata submitted
mgm4542189.3	ITS3.DD85	87,000	612	terrestrial biome	human-associated habitat	feces	mgs142230	mgl142233	-	cambridge, ma	USA	42.3736158, -71.1097335	Amplicon	illumina	 metadata submitted
mgm4542190.3	ITS3.DD86	859,765	5,997	terrestrial biome	human-associated habitat	feces	mgs142234	mgl142237	-	cambridge, ma	USA	42.3736158, -71.1097335	Amplicon	illumina	 metadata submitted
mgm4542191.3	ITS3.DD87	1,373,294	9,292	terrestrial biome	human-associated habitat	feces	mgs142238	mgl142241	-	cambridge, ma	USA	42.3736158, -71.1097335	Amplicon	illumina	 metadata submitted
mgm4542192.3	ITS3.DD89	15,966,740	107,812	terrestrial biome	human-associated habitat	feces	mgs142242	mgl142245	-	cambridge, ma	USA	42.3736158, -71.1097335	Amplicon	illumina	 metadata submitted
mgm4542193.3	ITS3.DD90	990,191	6,707	terrestrial biome	human-associated habitat	feces	mgs142246	mgl142249	-	cambridge, ma	USA	42.3736158, -71.1097335	Amplicon	illumina	 metadata submitted
mgm4542194.3	ITS3.DD92	31,915	217	terrestrial biome	human-associated habitat	feces	mgs142250	mgl142252	-	cambridge, ma	USA	42.3736158, -71.1097335	Amplicon	illumina	 metadata submitted
mgm4542195.3	ITS3.DD96	1,237,367	8,898	terrestrial biome	human-associated habitat	feces	mgs142256	mgl142259	-	cambridge, ma	USA	42.3736158, -71.1097335	Amplicon	illumina	 metadata submitted
mgm4542196.3	ITS3.DD98	2,136,900	17,238	terrestrial biome	human-associated habitat	feces	mgs142263	mgl142266	-	cambridge, ma	USA	42.3736158, -71.1097335	Amplicon	illumina	 metadata submitted
mgm4542197.3	ITS3.DD99	6,120,006	44,494	terrestrial biome	human-associated habitat	feces	mgs142267	mgl142269	-	cambridge, ma	USA	42.3736158, -71.1097335	MT	illumina	 metadata submitted
mgm4542198.3	ITS3.DIET14	2,495,471	22,140	terrestrial biome	agricultural feature	food product	mgs142285	mgl142288	-	Cambridge, MA	USA	42.3736158, -71.1097335	Amplicon	illumina	 metadata submitted
mgm4542199.3	ITS3.DIET16	8,898,775	63,646	terrestrial biome	agricultural feature	food product	mgs142292	mgl142295	-	Cambridge, MA	USA	42.3736158, -71.1097335	Amplicon	illumina	 metadata submitted
mgm4542200.3	ITS3.DIET18	628,646	4,365	terrestrial biome	agricultural feature	food product	mgs142299	mgl142302	-	Cambridge, MA	USA	42.3736158, -71.1097335	Amplicon	illumina	 metadata submitted
mgm4542201.3	ITS3.DIET20	5,756,330	40,223	terrestrial biome	agricultural feature	food product	mgs142309	mgl142312	-	Cambridge, MA	USA	42.3736158, -71.1097335	Amplicon	illumina	 metadata submitted
mgm4542202.3	ITS3.DIET22	1,573,706	10,998	terrestrial biome	agricultural feature	food product	mgs142316	mgl142319	-	Cambridge, MA	USA	42.3736158, -71.1097335	MT	illumina	 metadata submitted
mgm4542203.3	ITS3.DIET25	20,485,115	138,290	terrestrial biome	agricultural feature	food product	mgs142326	mgl142329	-	Cambridge, MA	USA	42.3736158, -71.1097335	Amplicon	illumina	 metadata submitted
mgm4542204.3	ITS3.DIET31	9,611,785	67,216	terrestrial biome	agricultural feature	food product	mgs142348	mgl142351	-	Cambridge, MA	USA	42.3736158, -71.1097335	Amplicon	illumina	 metadata submitted
mgm4542205.3	ITS3.DIET34	1,693,141	11,994	terrestrial biome	agricultural feature	food product	mgs142358	mgl142361	-	Cambridge, MA	USA	42.3736158, -71.1097335	Amplicon	illumina	 metadata submitted
mgm4542206.3	ITS3.DIET37	13,984,175	116,447	terrestrial biome	agricultural feature	food product	mgs142368	mgl142371	-	Cambridge, MA	USA	42.3736158, -71.1097335	Amplicon	illumina	 metadata submitted
mgm4542207.3	ITS3.DIET4	1,095,497	7,451	terrestrial biome	agricultural feature	food product	mgs142378	mgl142381	-	Cambridge, MA	USA	42.3736158, -71.1097335	Amplicon	illumina	 metadata submitted
mgm4542208.3	ITS3.DIET43	2,088,746	14,386	terrestrial biome	agricultural feature	food product	mgs142391	mgl142394	-	Cambridge, MA	USA	42.3736158, -71.1097335	Amplicon	illumina	 metadata submitted
mgm4542209.3	ITS3.DIET49	24,412,690	173,023	terrestrial biome	agricultural feature	food product	mgs142410	mgl142413	-	Cambridge, MA	USA	42.3736158, -71.1097335	Amplicon	illumina	 metadata submitted
mgm4542210.3	ITS3.DIET52	22,773,718	160,706	terrestrial biome	agricultural feature	food product	mgs142423	mgl142426	-	Cambridge, MA	USA	42.3736158, -71.1097335	Amplicon	illumina	 metadata submitted
mgm4542211.3	ITS3.DIET54	1,003,075	6,940	terrestrial biome	agricultural feature	food product	mgs142430	mgl142433	-	Cambridge, MA	USA	42.3736158, -71.1097335	MT	illumina	 metadata submitted
mgm4542212.3	ITS3.DIET56	1,368,783	9,292	terrestrial biome	agricultural feature	food product	mgs142437	mgl142440	-	Cambridge, MA	USA	42.3736158, -71.1097335	Amplicon	illumina	 metadata submitted
mgm4542213.3	ITS3.DIET6	1,331,239	9,214	terrestrial biome	agricultural feature	food product	mgs142441	mgl142444	-	Cambridge, MA	USA	42.3736158, -71.1097335	Amplicon	illumina	 metadata submitted
mgm4542214.3	ITS3.DIET8	2,785,890	18,874	terrestrial biome	agricultural feature	food product	mgs142448	mgl142451	-	Cambridge, MA	USA	42.3736158, -71.1097335	Amplicon	illumina	 metadata submitted
mgm4542215.3	ITS3.ID100	17,277,587	120,519	terrestrial biome	human-associated habitat	feces	mgs142455	mgl142458	-	cambridge, ma	USA	42.3736158, -71.1097335	Amplicon	illumina	 metadata submitted
mgm4542216.3	ITS3.ID103	2,383,661	16,342	terrestrial biome	human-associated habitat	feces	mgs142459	mgl142462	-	cambridge, ma	USA	42.3736158, -71.1097335	MT	illumina	 metadata submitted
mgm4542217.3	ITS3.ID104	1,938,734	13,231	terrestrial biome	human-associated habitat	feces	mgs142463	mgl142466	-	cambridge, ma	USA	42.3736158, -71.1097335	Amplicon	illumina	 metadata submitted
mgm4542218.3	ITS3.ID106	1,160,400	8,111	terrestrial biome	human-associated habitat	feces	mgs142467	mgl142470	-	cambridge, ma	USA	42.3736158, -71.1097335	MT	illumina	 metadata submitted
mgm4542219.3	ITS3.ID109	2,289,733	15,763	terrestrial biome	human-associated habitat	feces	mgs142471	mgl142474	-	cambridge, ma	USA	42.3736158, -71.1097335	MT	illumina	 metadata submitted
mgm4542220.3	ITS3.ID110	2,135,986	14,932	terrestrial biome	human-associated habitat	feces	mgs142475	mgl142478	-	cambridge, ma	USA	42.3736158, -71.1097335	Amplicon	illumina	 metadata submitted
mgm4542221.3	ITS3.ID112	6,984,146	48,874	terrestrial biome	human-associated habitat	feces	mgs142479	mgl142482	-	cambridge, ma	USA	42.3736158, -71.1097335	Amplicon	illumina	 metadata submitted
mgm4542222.3	ITS3.ID113	2,976,384	20,435	terrestrial biome	human-associated habitat	feces	mgs142483	mgl142486	-	cambridge, ma	USA	42.3736158, -71.1097335	MT	illumina	 metadata submitted
mgm4542223.3	ITS3.ID115	1,503,444	10,574	terrestrial biome	human-associated habitat	feces	mgs142487	mgl142490	-	cambridge, ma	USA	42.3736158, -71.1097335	MT	illumina	 metadata submitted
mgm4542224.3	ITS3.ID117	12,323,804	86,197	terrestrial biome	human-associated habitat	feces	mgs142491	mgl142494	-	cambridge, ma	USA	42.3736158, -71.1097335	Amplicon	illumina	 metadata submitted
mgm4542225.3	ITS3.ID119	171,043	1,154	terrestrial biome	human-associated habitat	feces	mgs142495	mgl142497	-	cambridge, ma	USA	42.3736158, -71.1097335	Amplicon	illumina	 metadata submitted
mgm4542226.3	ITS3.ID124	183,574	1,284	terrestrial biome	human-associated habitat	feces	mgs142504	mgl142507	-	cambridge, ma	USA	42.3736158, -71.1097335	Amplicon	illumina	 metadata submitted
mgm4542227.3	ITS3.ID125	11,028,633	76,825	terrestrial biome	human-associated habitat	feces	mgs142508	mgl142511	-	cambridge, ma	USA	42.3736158, -71.1097335	Amplicon	illumina	 metadata submitted
mgm4542228.3	ITS3.ID126	641,985	4,332	terrestrial biome	human-associated habitat	feces	mgs142512	mgl142514	-	cambridge, ma	USA	42.3736158, -71.1097335	Amplicon	illumina	 metadata submitted
mgm4542229.3	ITS3.ID127	1,153,679	7,961	terrestrial biome	human-associated habitat	feces	mgs142515	mgl142518	-	cambridge, ma	USA	42.3736158, -71.1097335	MT	illumina	 metadata submitted
mgm4542230.3	ITS3.ID128	1,152,616	7,836	terrestrial biome	human-associated habitat	feces	mgs142519	mgl142522	-	cambridge, ma	USA	42.3736158, -71.1097335	Amplicon	illumina	 metadata submitted
mgm4542231.3	ITS3.ID129	1,395,738	10,255	terrestrial biome	human-associated habitat	feces	mgs142523	mgl142526	-	cambridge, ma	USA	42.3736158, -71.1097335	Amplicon	illumina	 metadata submitted
mgm4542232.3	ITS3.ID131	4,366,829	29,407	terrestrial biome	human-associated habitat	feces	mgs142527	mgl142530	-	cambridge, ma	USA	42.3736158, -71.1097335	Amplicon	illumina	 metadata submitted
mgm4542233.3	ITS3.ID132	3,723,402	25,047	terrestrial biome	human-associated habitat	feces	mgs142531	mgl142534	-	cambridge, ma	USA	42.3736158, -71.1097335	Amplicon	illumina	 metadata submitted
mgm4542234.3	ITS3.ID133	7,083,147	49,625	terrestrial biome	human-associated habitat	feces	mgs142535	mgl142538	-	cambridge, ma	USA	42.3736158, -71.1097335	Amplicon	illumina	 metadata submitted
mgm4542235.3	ITS3.ID134	4,544,514	30,671	terrestrial biome	human-associated habitat	feces	mgs142539	mgl142542	-	cambridge, ma	USA	42.3736158, -71.1097335	Amplicon	illumina	 metadata submitted
mgm4542236.3	ITS3.ID135	2,504,421	17,023	terrestrial biome	human-associated habitat	feces	mgs142543	mgl142546	-	cambridge, ma	USA	42.3736158, -71.1097335	Amplicon	illumina	 metadata submitted
mgm4542237.3	ITS3.ID136	3,775,388	25,498	terrestrial biome	human-associated habitat	feces	mgs142547	mgl142550	-	cambridge, ma	USA	42.3736158, -71.1097335	Amplicon	illumina	 metadata submitted
mgm4542238.3	ITS3.ID138	1,980,157	13,322	terrestrial biome	human-associated habitat	feces	mgs142551	mgl142554	-	cambridge, ma	USA	42.3736158, -71.1097335	Amplicon	illumina	 metadata submitted
mgm4542239.3	ITS3.ID140	748,992	5,072	terrestrial biome	human-associated habitat	feces	mgs142555	mgl142558	-	cambridge, ma	USA	42.3736158, -71.1097335	Amplicon	illumina	 metadata submitted
mgm4542240.3	ITS3.ID145	6,191,719	44,070	terrestrial biome	human-associated habitat	feces	mgs142559	mgl142561	-	cambridge, ma	USA	42.3736158, -71.1097335	Amplicon	illumina	 metadata submitted
mgm4542241.3	ITS3.ID162	53,162	400	terrestrial biome	human-associated habitat	feces	mgs142574	mgl142576	-	cambridge, ma	USA	42.3736158, -71.1097335	Amplicon	illumina	 metadata submitted
mgm4542242.3	ITS3.ID170	7,627,226	53,884	terrestrial biome	human-associated habitat	feces	mgs142583	mgl142585	-	cambridge, ma	USA	42.3736158, -71.1097335	Amplicon	illumina	 metadata submitted
mgm4542243.3	ITS3.ID177	4,252,282	29,648	terrestrial biome	human-associated habitat	feces	mgs142586	mgl142588	-	cambridge, ma	USA	42.3736158, -71.1097335	Amplicon	illumina	 metadata submitted
mgm4542244.3	ITS3.ID191	1,530,546	10,774	terrestrial biome	human-associated habitat	feces	mgs142595	mgl142597	-	cambridge, ma	USA	42.3736158, -71.1097335	Amplicon	illumina	 metadata submitted
mgm4542245.3	ITS3.ID199	24,406	173	terrestrial biome	human-associated habitat	feces	mgs142598	mgl142600	-	cambridge, ma	USA	42.3736158, -71.1097335	Amplicon	illumina	 metadata submitted
mgm4542246.3	ITS3.ID201	46,923	333	terrestrial biome	human-associated habitat	feces	mgs142601	mgl142603	-	cambridge, ma	USA	42.3736158, -71.1097335	Amplicon	illumina	 metadata submitted
mgm4542247.3	ITS3.ID207	1,232,827	8,691	terrestrial biome	human-associated habitat	feces	mgs142607	mgl142609	-	cambridge, ma	USA	42.3736158, -71.1097335	MT	illumina	 metadata submitted
mgm4542248.3	ITS3.ID209	3,898,076	27,618	terrestrial biome	human-associated habitat	feces	mgs142610	mgl142613	-	cambridge, ma	USA	42.3736158, -71.1097335	Amplicon	illumina	 metadata submitted
mgm4542249.3	ITS3.ID214	3,992,886	28,102	terrestrial biome	human-associated habitat	feces	mgs142623	mgl142626	-	cambridge, ma	USA	42.3736158, -71.1097335	Amplicon	illumina	 metadata submitted
mgm4542250.3	ITS3.ID217	2,781,904	19,779	terrestrial biome	human-associated habitat	feces	mgs142630	mgl142633	-	cambridge, ma	USA	42.3736158, -71.1097335	Amplicon	illumina	 metadata submitted
mgm4542251.3	ITS3.ID220	24,487	172	terrestrial biome	human-associated habitat	feces	mgs142634	mgl142637	-	cambridge, ma	USA	42.3736158, -71.1097335	Amplicon	illumina	 metadata submitted
mgm4542252.3	ITS3.ID221	427,178	2,981	terrestrial biome	human-associated habitat	feces	mgs142638	mgl142641	-	cambridge, ma	USA	42.3736158, -71.1097335	Amplicon	illumina	 metadata submitted
mgm4542253.3	ITS3.ID223	3,352,370	23,503	terrestrial biome	human-associated habitat	feces	mgs142642	mgl142644	-	cambridge, ma	USA	42.3736158, -71.1097335	Amplicon	illumina	 metadata submitted
mgm4542254.3	ITS3.ID231	4,311,091	29,649	terrestrial biome	human-associated habitat	feces	mgs142651	mgl142654	-	cambridge, ma	USA	42.3736158, -71.1097335	Amplicon	illumina	 metadata submitted
mgm4542255.3	ITS3.ID246	657,140	4,579	terrestrial biome	human-associated habitat	feces	mgs142673	mgl142675	-	cambridge, ma	USA	42.3736158, -71.1097335	Amplicon	illumina	 metadata submitted
mgm4542256.3	ITS3.ID256	1,371,416	9,540	terrestrial biome	human-associated habitat	feces	mgs142685	mgl142688	-	cambridge, ma	USA	42.3736158, -71.1097335	MT	illumina	 metadata submitted
mgm4542257.3	ITS3.ID43	2,000,547	13,900	terrestrial biome	human-associated habitat	feces	mgs142770	mgl142773	-	cambridge, ma	USA	42.3736158, -71.1097335	MT	illumina	 metadata submitted
mgm4542258.3	ITS3.ID47	1,301,316	9,306	terrestrial biome	human-associated habitat	feces	mgs142783	mgl142786	-	cambridge, ma	USA	42.3736158, -71.1097335	Amplicon	illumina	 metadata submitted
mgm4542259.3	ITS3.ID55	9,944,330	68,833	terrestrial biome	human-associated habitat	feces	mgs142808	mgl142811	-	cambridge, ma	USA	42.3736158, -71.1097335	Amplicon	illumina	 metadata submitted
mgm4542260.3	ITS3.ID56	5,440,506	38,034	terrestrial biome	human-associated habitat	feces	mgs142812	mgl142815	-	cambridge, ma	USA	42.3736158, -71.1097335	Amplicon	illumina	 metadata submitted
mgm4542261.3	ITS3.ID8	3,822,159	27,864	terrestrial biome	human-associated habitat	feces	mgs142843	mgl142846	-	cambridge, ma	USA	42.3736158, -71.1097335	Amplicon	illumina	 metadata submitted
mgm4542262.3	ITS3.ID83	906,836	6,298	terrestrial biome	human-associated habitat	feces	mgs142847	mgl142850	-	cambridge, ma	USA	42.3736158, -71.1097335	Amplicon	illumina	 metadata submitted
mgm4542263.3	ITS3.ID85	208,011	1,423	terrestrial biome	human-associated habitat	feces	mgs142851	mgl142854	-	cambridge, ma	USA	42.3736158, -71.1097335	Amplicon	illumina	 metadata submitted
mgm4542264.3	ITS3.ID86	30,826	212	terrestrial biome	human-associated habitat	feces	mgs142855	mgl142858	-	cambridge, ma	USA	42.3736158, -71.1097335	Amplicon	illumina	 metadata submitted
mgm4542265.3	ITS3.ID87	2,391,545	16,419	terrestrial biome	human-associated habitat	feces	mgs142859	mgl142862	-	cambridge, ma	USA	42.3736158, -71.1097335	MT	illumina	 metadata submitted
mgm4542266.3	ITS3.ID89	1,709,155	11,678	terrestrial biome	human-associated habitat	feces	mgs142863	mgl142866	-	cambridge, ma	USA	42.3736158, -71.1097335	MT	illumina	 metadata submitted
mgm4542267.3	ITS3.ID90	5,718,606	38,605	terrestrial biome	human-associated habitat	feces	mgs142870	mgl142873	-	cambridge, ma	USA	42.3736158, -71.1097335	Amplicon	illumina	 metadata submitted
mgm4542268.3	ITS3.ID92	561,385	3,818	terrestrial biome	human-associated habitat	feces	mgs142877	mgl142880	-	cambridge, ma	USA	42.3736158, -71.1097335	Amplicon	illumina	 metadata submitted
mgm4542269.3	ITS3.ID95	3,243,769	22,090	terrestrial biome	human-associated habitat	feces	mgs142881	mgl142884	-	cambridge, ma	USA	42.3736158, -71.1097335	Amplicon	illumina	 metadata submitted
mgm4542270.3	ITS3.ID97	1,214,971	8,475	terrestrial biome	human-associated habitat	feces	mgs142885	mgl142888	-	cambridge, ma	USA	42.3736158, -71.1097335	Amplicon	illumina	 metadata submitted
mgm4542271.3	ITS3.ID98	1,792,760	12,198	terrestrial biome	human-associated habitat	feces	mgs142889	mgl142892	-	cambridge, ma	USA	42.3736158, -71.1097335	Amplicon	illumina	 metadata submitted
mgm4542272.3	ITS3.ID99	14,590,341	101,269	terrestrial biome	human-associated habitat	feces	mgs142893	mgl142896	-	cambridge, ma	USA	42.3736158, -71.1097335	Amplicon	illumina	 metadata submitted